297_RNODE_13_length_755597_194	gb|AMR95642.1|ARO:3003805|Enterococcus	gb|AMR95642.1|ARO:3003805|Enterococcus faecalis gshF with mutation conferring daptomycin resistance [Enterococcus faecalis] 	0.000714	97	26.804	63	77	29	102	190	488	584	DKEVTKTVLRAAGLPLTT-SRLATKAEIEAAHVM--APPYVVKPFNEGSSVGVYIVNEGANTPP-----RLSDDMPERLMVETYVPGRELTTTVMGD	NKTVTKKILSAAGFHVPGGEEFSSFIEAQEAHLRYANKAFVVKPKSTNYGLGITIFKEGASLEDFTEALRIAFKEDTAVLIEEFLPGTEYRFFVLDN
297_NODE_1_length_26932_15	gb|AXU66539.1|ARO:3003357|Clostridioides	gb|AXU66539.1|ARO:3003357|Clostridioides difficile EF-Tu mutants conferring resistance to elfamycin [Clostridioides difficile] 	1.24e-12	141	32.624	80	153	20	12	151	14	140	NFGIMAHIDAGKTTTTERILYYTGKSHKIGEVHDGAATMDWMEQEQERGITITSAATTTFWQWQEDPTAEGTSDTKVRFNIIDTPGHVDFTIEVERSLAVLDGAVALLDANAGVEPQTETVWRQADRYKVPRM-VFVNKMD	NIGTIGHVDHGKTTLTAAITKTLYDRYQLGEAVD-FANIDKAPEERERGITISTAHVE-----YETPNRH--------YAHVDCPGHADYVKNMITGAAQMDGAILVCSATDGPMPQTREHILLSRQVGVPYIVVFLNKCD
297_NODE_1_length_26932_15	gb|AFK57679.1|ARO:3003438|Enterococcus	gb|AFK57679.1|ARO:3003438|Enterococcus faecium EF-Tu mutants conferring resistance to GE2270A [Enterococcus faecium DO] 	1.7e-11	141	33.333	78	144	20	12	151	42	167	NFGIMAHIDAGKTTTTERILYYTGKSHKIGEVHDGAATMDWMEQEQERGITITSAATTTFWQWQEDPTAEGTSDTKVRFNIIDTPGHVDFTIEVERSLAVLDGAVALLDANAGVEPQTETVWRQADRYKVPRM-VFVNKMD	NIGTIGHVDHGKTTLTAAIT--TVLSKKNGGQAMAYDQIDGAPEERERGITISTAH------------VEYETDTR-HYAHVDCPGHADYVKNMITGAAQMDGAILVVSAADGPMPQTREHILLSRQVGVPYIVVFLNKVD
297_NODE_1_length_26932_15	gb|AAN82549.1|ARO:3003369|Escherichia	gb|AAN82549.1|ARO:3003369|Escherichia coli EF-Tu mutants conferring resistance to Pulvomycin [Escherichia coli CFT073] 	4.4e-10	142	30.986	80	132	20	12	151	29	154	NFGIMAHIDAGKTTTTERILYYTGKSHKIGEVHDGAATMDWMEQEQERGITITSAATTTFWQWQEDPTAEGTSDTKVR-FNIIDTPGHVDFTIEVERSLAVLDGAVALLDANAGVEPQTETVWRQADRYKVPR-MVFVNKMD	NVGTIGHVDHGKTTLTAAITTVLAKTY--GGAARAFDQIDNAPEEKARGITIN--------------TSHVEYDTPTRHYAHVDCPGHADYVKNMITGAAQMDGAILVVAATDGPMPQTREHILLGRQVGVPYIIVFLNKCD
297_NODE_1_length_26932_15	gb|AAC76364.1|ARO:3003370|Escherichia	gb|AAC76364.1|ARO:3003370|Escherichia coli EF-Tu mutants conferring resistance to Enacyloxin IIa [Escherichia coli str. K-12 substr. MG1655] 	4.69e-10	142	30.986	80	132	20	12	151	14	139	NFGIMAHIDAGKTTTTERILYYTGKSHKIGEVHDGAATMDWMEQEQERGITITSAATTTFWQWQEDPTAEGTSDTKVR-FNIIDTPGHVDFTIEVERSLAVLDGAVALLDANAGVEPQTETVWRQADRYKVPR-MVFVNKMD	NVGTIGHVDHGKTTLTAAITTVLAKTY--GGAARAFDQIDNAPEEKARGITIN--------------TSHVEYDTPTRHYAHVDCPGHADYVKNMITGAAQMDGAILVVAATDGPMPQTREHILLGRQVGVPYIIVFLNKCD
297_NODE_1_length_26932_15	gb|AAA50993.1|ARO:3003368|Escherichia	gb|AAA50993.1|ARO:3003368|Escherichia coli EF-Tu mutants conferring resistance to kirromycin [Escherichia coli] 	4.69e-10	142	30.986	80	132	20	12	151	14	139	NFGIMAHIDAGKTTTTERILYYTGKSHKIGEVHDGAATMDWMEQEQERGITITSAATTTFWQWQEDPTAEGTSDTKVR-FNIIDTPGHVDFTIEVERSLAVLDGAVALLDANAGVEPQTETVWRQADRYKVPR-MVFVNKMD	NVGTIGHVDHGKTTLTAAITTVLAKTY--GGAARAFDQIDNAPEEKARGITIN--------------TSHVEYDTPTRHYAHVDCPGHADYVKNMITGAAQMDGAILVVAATDGPMPQTREHILLGRQVGVPYIIVFLNKCD
297_NODE_1_length_26932_15	gb|AAB39605.1|ARO:3003361|Planobispora	gb|AAB39605.1|ARO:3003361|Planobispora rosea EF-Tu mutants conferring resistance to inhibitor GE2270A [Planobispora rosea] 	1.49e-09	145	29.655	88	127	20	10	153	12	143	YRNFGIMAHIDAGKTTTTERILYYTGKSHKIGEVHDGAATMDWMEQEQERGITITSAATTTFWQWQEDPTAEGTSDTKVRFNIIDTPGHVDFTIEVERSLAVLDGAVALLDANAGVEPQTETVWRQADRYKVPRMVF-VNKMDKI	HMNIGTIGHIDHGKTTLTAAITKVLHDRYPELNKATPFDKIDKAPEEKARGITISIA----HVEYQTE---------KRHYAHVDCPGHADYVKNMITGAAQMDGAILVVAATAGPMPQTKEHVLLARQVGVPYIVVALNKADMV
297_NODE_1_length_26932_15	gb|CAA67349.1|ARO:3003359|Streptomyces	gb|CAA67349.1|ARO:3003359|Streptomyces cinnamoneus EF-Tu mutants conferring resistance to elfamycin [Streptomyces cinnamoneus] 	6.72e-08	154	27.273	80	114	20	10	153	12	143	YRNFGIMAHIDAGKTTTTERILYYTGKSHKIGEVHDGAATM---------DWMEQEQERGITITSAATTTFWQWQEDPTAEGTSDTKVRFNIIDTPGHVDFTIEVERSLAVLDGAVALLDANAGVEPQTETVWRQADRYKVPRMVF-VNKMDKI	HVNIGTIGHVDHGKTTLTAAITKV---------LHDAIPDLNPFTPFDEIDKAPEERQRGITISIAHV----EYQTESR---------HYAHVDCPGHADYIKNMITGAAQMDGAILVVAATDGPMPQTKEHVLLARQSGVPYIVVALNKADMV
297_RNODE_13_length_755597_141	gb|AAG08162.1|ARO:3003582|basR	gb|AAG08162.1|ARO:3003582|basR [Pseudomonas aeruginosa PAO1] 	7.26e-12	114	35.965	71	133	60	68	181	2	113	QVLLIEDEPNIIEAISFILSRDGWSVATHANGETAIEAVRRHAPDALILDVMLPGKSGYDILQDLRADPATQALPVLMLTARGQKKDRDMADKLGVTKFMTKPFSNAEVLAALR	RILLAEDDLLLGDGIRAGLRLEGDTVEWVTDGVAAENALVTDEFDLLVLDIGLPRRSGLDILRNLRHQGLLT--PVLLLTARDKVADRVAGLDSGADDYLTKPFDLDELQARVR
297_RNODE_13_length_755597_141	gb|CDO13981.1|ARO:3003585|Klebsiella	gb|CDO13981.1|ARO:3003585|Klebsiella mutant PhoP conferring antibiotic resistance to colistin [Klebsiella pneumoniae] 	5.43e-09	114	29.825	78	112	60	68	181	2	113	QVLLIEDEPNIIEAISFILSRDGWSVATHANGETAIEAVRRHAPDALILDVMLPGKSGYDILQDLRADPATQALPVLMLTARGQKKDRDMADKLGVTKFMTKPFSNAEVLAALR	RVLVVEDNALLRHHLKVQLQELGHQVDAAEDAREADYYLGEHLPDIAIVDLGLPDEDGLSLIRRWRSHDVS--LPVLVLTAREGWQDKVEVLSAGADDYVTKPFHIEEVAARMQ
297_RNODE_13_length_755597_717	gb|ADJ67256.1|ARO:3003769|Staphylococcus	gb|ADJ67256.1|ARO:3003769|Staphylococcus aureus mprF [Staphylococcus aureus] 	1.7e-08	261	24.521	178	120	79	79	330	43	293	LDFGHI-RSALVTVGPGQWIAGAALTAISFWSLGRYDVVVHRLVGRDTDPRRAARTGMTAIAIGQTVGLGAITGTFVRWRMLPGLGLIDATRISIIVSFSFLSAWVVVTAAAVIMLGAALPHARLAAALVIAVAFMLVVLSVWRP-GALARLTLPPLKAMALILIFTT----IDTVAASAVLWAM-LPEGLSIPFPTLLTAYLLALGAGLVLTTPGGVGPFEVALLALLPD--APAEPLLAAVLAYRAVYYAAPAVIGALL	VEFSKINRMSLVLLFIG---GGASLVILS-----MYDVILSRALKMDISLGKVLRVSYIINALNAIVGFGGFIGAGVR-AMVYKNYTHDKKKLVHFISLILISMLTGLSLLSLLIVFHVFD-ASLILDKITWVRWVLYVVSFFLPLFIIYSMVRPPDKNNRFVGLYCTLVSCVEWLAAAVVLYFCGVIVDAHVSFMSFIAIFIIAALSGLVSFIPGGFGAFDLVVLLGFKTLGVPEEKVLLMLLLYRFAYYFVPVIIALIL
297_RNODE_13_length_755597_717	gb|ADJ67256|ARO:3003319|Staphylococcus	gb|ADJ67256|ARO:3003319|Staphylococcus aureus mprF mutations conferring resistance to daptomycin [Staphylococcus aureus] 	5.52e-13	303	23.102	202	158	79	359	640	518	810	KIEAALDTAPRAEAALLRH----GRFHLLSNLRNWPAALVAR-SGQSLILLGDPLARDSG-EEVLAGLTDRAALTLAVPVVYKCGARFATRARRAGWQVLPIAREGWVDPRVFSDAGADRRNLRRKLRKAEGAGLVLTTIYPGDPAPLPLSDMEDLADRWRAARGGERGFSMGVWDPGTLRHALIILAHDAHGRLRGFVT---CHMNRHEATLDLMR----QDDGAPDGMTYRLVDAAIRAAGDAGLARFSLASVPFGVAPGELSLFRYLRRQL-----DNATG---AEGLRQFKTAFGPRWE	KIEDCEEIINQYGGNYLSHLIYSGDKQFFTN-ENKTAFLMYRYKASSLVVLGDPLGDENAFDELLEAFYNYAEYLGYDVIFYQVTDQHMPLYHNFGNQFFKLGEEAIIDLTQFSTSGKKRRGFRATLNKFDELNISFEIIEPPFSTEF-INELQHVSDLWLDNRQ-EMHFSVGEFNEEYLSKAPIGVMRNEENEVIAFCSLMPTYFND-AISVDLIRWLPELDLPLMDGLYLHM----LLWSKEQGYTKFNMGMATLS-NVGQLH-YSYLRERLAGRVFEHFNGLYRFQGLRRYKSKYNPNWE
297_RNODE_13_length_755597_717	gb|ADJ67256|ARO:3003319|Staphylococcus	gb|ADJ67256|ARO:3003319|Staphylococcus aureus mprF mutations conferring resistance to daptomycin [Staphylococcus aureus] 	1.7e-08	261	24.521	178	120	79	79	330	43	293	LDFGHI-RSALVTVGPGQWIAGAALTAISFWSLGRYDVVVHRLVGRDTDPRRAARTGMTAIAIGQTVGLGAITGTFVRWRMLPGLGLIDATRISIIVSFSFLSAWVVVTAAAVIMLGAALPHARLAAALVIAVAFMLVVLSVWRP-GALARLTLPPLKAMALILIFTT----IDTVAASAVLWAM-LPEGLSIPFPTLLTAYLLALGAGLVLTTPGGVGPFEVALLALLPD--APAEPLLAAVLAYRAVYYAAPAVIGALL	VEFSKINRMSLVLLFIG---GGASLVILS-----MYDVILSRALKMDISLGKVLRVSYIINALNAIVGFGGFIGAGVR-AMVYKNYTHDKKKLVHFISLILISMLTGLSLLSLLIVFHVFD-ASLILDKITWVRWVLYVVSFFLPLFIIYSMVRPPDKNNRFVGLYCTLVSCVEWLAAAVVLYFCGVIVDAHVSFMSFIAIFIIAALSGLVSFIPGGFGAFDLVVLLGFKTLGVPEEKVLLMLLLYRFAYYFVPVIIALIL
297_RNODE_13_length_755597_143	gb|AAG04569.1|ARO:3003896|Pseudomonas	gb|AAG04569.1|ARO:3003896|Pseudomonas mutant PhoQ conferring resistance to colistin [Pseudomonas aeruginosa PAO1] 	6.72e-05	253	24.901	169	90	27	635	879	204	443	SNQLEAKSEELTRTARQLQQA-NEKLTALSIQKDAF---LGQISHELRTPMTSIRAFSEILREGGMSPSETQKYSGIIQDEAIRLTRLLDDLLDLSVLEAGQVTLNREEVDLADVIERAVAAGSG--RDGGLEIQRNAAREHARVVTDPDRLAQVFINLIANARKYCDAKAPRLTISVETRPDRVQVDFMDNGAGIPPESQTMIFEKFSRL-TDHRKAGGAGLGLAICREIMSKLGGAVEYLPGQ-GGAAFRV	SGERESLSEEHPRELLRLTHSLNRLLRSEHKQRERYRHSLGDLAHSLKTPLAVLQGVGDQLAE---EPGNREQVR-VLQGQIERMSQQIGYQLQRASLRKSGLVRHREQ--LAPLVETLCDALDKVYRDKRVSLQRDFSPSFS-VPVERGALLELLGNLLENAYRLC---LGRVRVGARLGPGYSELWVEDDGPGVPAEQRARIIRRGERADTQH---PGQGIGLAVALDIIESYDGELSLDDSELGGACFRI
57_LNODE_1_length_24068_20	gb|CAA42550.1|ARO:3003028|lmrA	gb|CAA42550.1|ARO:3003028|lmrA [Streptomyces lincolnensis] 	5.37e-06	134	27.612	96	97	25	9	142	13	145	RPEKTPIDPNAKVPAYSWYALGVLVLVYVLNFIDRQILSILANDIKADLGVEDDYLGFLYGTAFAVFYALFGIPLGKLADSWKRVRLMSIGLALWSTMTALSGFAKNASTLTVARIGVGVGEATASPSAYSLIS	RAARTRAADEAARSRSRWVTLVFLAVLQLLIAVDVTVVNIALPAIRDSFHVDTRQLTWVV-TGYTVVGGGLLMVGGRIADLFGRRRTLLFGAFLFGASSLAAGLAPNLELLVLARFGQGAGEALSLPAAMSLIA
297_RNODE_13_length_755597_425	gb|AAG04568.1|ARO:3003895|Pseudomonas	gb|AAG04568.1|ARO:3003895|Pseudomonas mutant PhoP conferring resistance to colistin [Pseudomonas aeruginosa PAO1] 	1.09e-07	109	26.606	80	107	24	5	113	3	111	VLVADDDRTIRTVLTQALTRAGCRVHATSSLVTLKRWVEEGRGDLVISDVIMPDGNGLEALPEISKMRPDLPVIVISAQNTIMTAIQAAEAEAFDYLPKPFDLPDLMKR	LLVVEDEALLRHHLYTRLGEQGHVVDAVPDAEEALYRVSEYHHDLAVIDLGLPGMSGLDLIRELRSQGKSFPILILTARGNWQDKVEGLAAGADDYVVKPFQFEELEAR
297_RNODE_13_length_755597_425	gb|AAG08162.1|ARO:3003582|basR	gb|AAG08162.1|ARO:3003582|basR [Pseudomonas aeruginosa PAO1] 	1.22e-07	135	28.889	72	107	27	5	126	3	126	VLVADDDRTIRTVLTQALTRAGCRVHATSSLVTLKRWVEEGRG----------DLVISDVIMPDGNGLEALPEISKMRPDLPVIVISAQNTIMTAIQAAEAEAFDYLPKPFDLPDLMKRAARALEQK---RRLPS	ILLAEDD-----LLLGDGIRAGLRLEGDTV-----EWVTDGVAAENALVTDEFDLLVLDIGLPRRSGLDILRNLRHQGLLTPVLLLTARDKVADRVAGLDSGADDYLTKPFDLDELQAR-VRALTRRTTGRALPQ
297_NODE_1_length_26932_16	gb|AAA50993.1|ARO:3003368|Escherichia	gb|AAA50993.1|ARO:3003368|Escherichia coli EF-Tu mutants conferring resistance to kirromycin [Escherichia coli] 	0.0	396	77.525	82	1551	99	1	391	1	394	MAKAKFERSKPHVNVGTIGHVDHGKTTLTAAITK-----YFGDFRAYDQIDGAPEEKARGITISTAHVEYETDARHYAHVDCPGHADYVKNMITGAAQMDGGILVVNAADGPMPQTREHILLARQVGVPALVVFMNKVDQVDDPELLELVEMEIRELLSAYDFPGDDIPIIAGSALAAMEGRDPEIGENKIRELMAAVDEFIPTPARAVDQPFLMPIEDVFSISGRGTVVTGRVERGVINVGDELEIVGIKDTQKTTCTGVEMFRKLLDRGEAGDNIGALLRGIDRDKVERGQVLCKPGSVKPHTKFESEVYILTKEEGGRHTPFFANYRPQFYFRTTDVTGTVELPSGTEMVMPGDNLKFVVELIAPIAMEEGLRFAIREGGRTVGSGVVSKILA	MSKEKFERTKPHVNVGTIGHVDHGKTTLTAAITTVLAKTYGGAARAFDQIDNAPEEKARGITINTSHVEYDTPTRHYAHVDCPGHADYVKNMITGAAQMDGAILVVAATDGPMPQTREHILLGRQVGVPYIIVFLNKCDMVDDEELLELVEMEVRELLSQYDFPGDDTPIVRGSALKALEG-DAEW-EAKILELAGFLDSYIPEPERAIDKPFLLPIEDVFSISGRGTVVTGRVERGIIKVGEEVEIVGIKETQKSTCTGVEMFRKLLDEGRAGENVGVLLRGIKREEIERGQVLAKPGTIKPHTKFESEVYILSKDEGGRHTPFFKGYRPQFYFRTTDVTGTIELPEGVEMVMPGDNIKMVVTLIHPIAMDDGLRFAIREGGRTVGAGVVAKVLG
297_NODE_1_length_26932_16	gb|AAN82549.1|ARO:3003369|Escherichia	gb|AAN82549.1|ARO:3003369|Escherichia coli EF-Tu mutants conferring resistance to Pulvomycin [Escherichia coli CFT073] 	0.0	396	77.273	83	1546	99	1	391	16	409	MAKAKFERSKPHVNVGTIGHVDHGKTTLTAAITK-----YFGDFRAYDQIDGAPEEKARGITISTAHVEYETDARHYAHVDCPGHADYVKNMITGAAQMDGGILVVNAADGPMPQTREHILLARQVGVPALVVFMNKVDQVDDPELLELVEMEIRELLSAYDFPGDDIPIIAGSALAAMEGRDPEIGENKIRELMAAVDEFIPTPARAVDQPFLMPIEDVFSISGRGTVVTGRVERGVINVGDELEIVGIKDTQKTTCTGVEMFRKLLDRGEAGDNIGALLRGIDRDKVERGQVLCKPGSVKPHTKFESEVYILTKEEGGRHTPFFANYRPQFYFRTTDVTGTVELPSGTEMVMPGDNLKFVVELIAPIAMEEGLRFAIREGGRTVGSGVVSKILA	VSKEKFERTKPHVNVGTIGHVDHGKTTLTAAITTVLAKTYGGAARAFDQIDNAPEEKARGITINTSHVEYDTPTRHYAHVDCPGHADYVKNMITGAAQMDGAILVVAATDGPMPQTREHILLGRQVGVPYIIVFLNKCDMVDDEELLELVEMEVRELLSQYDFPGDDTPIVRGSALKALEG-DAEW-EAKILELAGFLDSYIPEPERAIDKPFLLPIEDVFSISGRGTVVTGRVERGIIKVGEEVEIVGIKETQKSTCTGVEMFRKLLDEGRAGENVGVLLRGIKREEIERGQVLAKPGTIKPHTKFESEVYILSKDEGGRHTPFFKGYRPQFYFRTTDVTGTIELPEGVEMVMPGDNIKMVVTLIHPIAMDDGLRFAIREGGRTVGAGVVAKVLG
297_NODE_1_length_26932_16	gb|AFK57679.1|ARO:3003438|Enterococcus	gb|AFK57679.1|ARO:3003438|Enterococcus faecium EF-Tu mutants conferring resistance to GE2270A [Enterococcus faecium DO] 	0.0	397	76.574	85	1529	99	1	391	29	423	MAKAKFERSKPHVNVGTIGHVDHGKTTLTAAIT-----KYFGDFRAYDQIDGAPEEKARGITISTAHVEYETDARHYAHVDCPGHADYVKNMITGAAQMDGGILVVNAADGPMPQTREHILLARQVGVPALVVFMNKVDQVDDPELLELVEMEIRELLSAYDFPGDDIPIIAGSALAAMEGRDPEIGENKIRELMAAVDEFIPTPARAVDQPFLMPIEDVFSISGRGTVVTGRVERGVINVGDELEIVGI-KDTQKTTCTGVEMFRKLLDRGEAGDNIGALLRGIDRDKVERGQVLCKPGSVKPHTKFESEVYILTKEEGGRHTPFFANYRPQFYFRTTDVTGTVELPSGTEMVMPGDNLKFVVELIAPIAMEEGLRFAIREGGRTVGSGVVSKILA	MAKEKFDRSKPHVNIGTIGHVDHGKTTLTAAITTVLSKKNGGQAMAYDQIDGAPEERERGITISTAHVEYETDTRHYAHVDCPGHADYVKNMITGAAQMDGAILVVSAADGPMPQTREHILLSRQVGVPYIVVFLNKVDMVDDEELLELVEMEVRDLLTEYEFPGDDVPVVAGSALKALEGDASY--EEKILELMAAVDEYIPTPERDNDKPFMMPVEDVFSITGRGTVATGRVERGQVRVGDEVEVVGIAEETSKTTVTGVEMFRKLLDYAEAGDNIGALLRGVAREDIQRGQVLAKPGTITPHTKFSAEVYVLTKEEGGRHTPFFTNYRPQFYFRTTDVTGVVELPEGTEMVMPGDNVTMEVELIHPIAIENGTKFSIREGGRTVGAGVVTEIKA
297_NODE_1_length_26932_16	gb|CAA67349.1|ARO:3003359|Streptomyces	gb|CAA67349.1|ARO:3003359|Streptomyces cinnamoneus EF-Tu mutants conferring resistance to elfamycin [Streptomyces cinnamoneus] 	0.0	397	70.025	109	1441	99	1	389	1	395	MAKAKFERSKPHVNVGTIGHVDHGKTTLTAAITKYFGD-------FRAYDQIDGAPEEKARGITISTAHVEYETDARHYAHVDCPGHADYVKNMITGAAQMDGGILVVNAADGPMPQTREHILLARQVGVPALVVFMNKVDQVDDPELLELVEMEIRELLSAYDFPGDDIPIIAGSALAAMEGRDPEIGENKIRELMAAVDEFIPTPARAVDQPFLMPIEDVFSISGRGTVVTGRVERGVINVGDELEIVGIKDTQKTTCT-GVEMFRKLLDRGEAGDNIGALLRGIDRDKVERGQVLCKPGSVKPHTKFESEVYILTKEEGGRHTPFFANYRPQFYFRTTDVTGTVELPSGTEMVMPGDNLKFVVELIAPIAMEEGLRFAIREGGRTVGSGVVSKI	MAKAKFERTKPHVNIGTIGHVDHGKTTLTAAITKVLHDAIPDLNPFTPFDEIDKAPEERQRGITISIAHVEYQTESRHYAHVDCPGHADYIKNMITGAAQMDGAILVVAATDGPMPQTKEHVLLARQSGVPYIVVALNKADMVDDEEIMELVELEVRELLSEYEFDGDNCPVVQVSALKALEG-DKEWGE-KLLGLMKAVDENIPQPERDVDKPFLMPIEDVFTITGRGTVVTGRIERGVLKVNETVDIIGIKTEKTTTTVTGIEMFRKLLDEGQAGENVGLLLRGIKREDVERGQCIIKPGTVTPHTEFEATAYILSKDEGGRHTPFFNNYRPQFYFRTTDVTGVVTLKEGTEMVMPGDNAEMTVNLIQPVAMEEGLRFTIREGGRTVGAGQVVKI
297_NODE_1_length_26932_16	gb|AAB39605.1|ARO:3003361|Planobispora	gb|AAB39605.1|ARO:3003361|Planobispora rosea EF-Tu mutants conferring resistance to inhibitor GE2270A [Planobispora rosea] 	0.0	398	70.352	108	1431	99	1	390	1	396	MAKAKFERSKPHVNVGTIGHVDHGKTTLTAAITKYFGD-------FRAYDQIDGAPEEKARGITISTAHVEYETDARHYAHVDCPGHADYVKNMITGAAQMDGGILVVNAADGPMPQTREHILLARQVGVPALVVFMNKVDQVDDPELLELVEMEIRELLSAYDFPGDDIPIIAGSALAAMEGRDPEIGENKIRELMAAVDEFIPTPARAVDQPFLMPIEDVFSISGRGTVVTGRVERGVINVGDELEIVGIKDTQKTTC-TGVEMFRKLLDRGEAGDNIGALLRGIDRDKVERGQVLCKPGSVKPHTKFESEVYILTKEEGGRHTPFFANYRPQFYFRTTDVTGTVELPSGTEMVMPGDNLKFVVELIAPIAMEEGLRFAIREGGRTVGSGVVSKIL	MAKAKFERTKPHMNIGTIGHIDHGKTTLTAAITKVLHDRYPELNKATPFDKIDKAPEEKARGITISIAHVEYQTEKRHYAHVDCPGHADYVKNMITGAAQMDGAILVVAATAGPMPQTKEHVLLARQVGVPYIVVALNKADMVDDEEILELVELEVRELLSAQEFPGDDLPVVRVSALKALEGD--EKWADSIIELMNAVDENIPEPPRDTDKPFLMPIEDVFSITGRGTVVTGRIERGVVKVNEQVDIIGIKSEKTTTTVTSIEMFNKMLDEGHAGDNAALLLRGIKREQVERGQCIIKPGTTTPHTEFEAQVYILSKDEGGRHTPFFNNYRPQFYFRTTDVTGVVNLPEGTEMVMPGDNTEMTVQLIQPIAMEEGLKFAIREGGRTVGAGRVTKIL
297_NODE_1_length_26932_16	gb|AXU66539.1|ARO:3003357|Clostridioides	gb|AXU66539.1|ARO:3003357|Clostridioides difficile EF-Tu mutants conferring resistance to elfamycin [Clostridioides difficile] 	0.0	397	71.285	106	1408	99	1	390	1	396	MAKAKFERSKPHVNVGTIGHVDHGKTTLTAAITK------YFGDFRAYDQIDGAPEEKARGITISTAHVEYETDARHYAHVDCPGHADYVKNMITGAAQMDGGILVVNAADGPMPQTREHILLARQVGVPALVVFMNKVDQVDDPELLELVEMEIRELLSAYDFPGDDIPIIAGSALAAMEGRDPEIGENKIRELMAAVDEFIPTPARAVDQPFLMPIEDVFSISGRGTVVTGRVERGVINVGDELEIVGIKDT-QKTTCTGVEMFRKLLDRGEAGDNIGALLRGIDRDKVERGQVLCKPGSVKPHTKFESEVYILTKEEGGRHTPFFANYRPQFYFRTTDVTGTVELPSGTEMVMPGDNLKFVVELIAPIAMEEGLRFAIREGGRTVGSGVVSKIL	MAKAKYERTKPHVNIGTIGHVDHGKTTLTAAITKTLYDRYQLGEAVDFANIDKAPEERERGITISTAHVEYETPNRHYAHVDCPGHADYVKNMITGAAQMDGAILVCSATDGPMPQTREHILLSRQVGVPYIVVFLNKCDMVDDEELLELVEMEVRDLLTEYDFPGDDTPIVRGSALMALEDPKSEWG-DKIVELFEQIDEYIPAPERDTDKPFLMPVEDVFSITGRGTVATGRVERGVLKVQDEVELVGLTEAPRKVVVTGVEMFRKLLDQAQAGDNIGALLRGVQRNEIERGQVLAKTGSVKAHTKFTAEVYVLKKEEGGRHTPFFDGYRPQFYFRTTDVTGACKLPEGIEMVMPGDNVTMEVDLINSIVVEEGLRFSIREGGRTVASGVVATII
297_NODE_1_length_26932_16	gb|CAG39573|ARO:3003735|Staphylococcus	gb|CAG39573|ARO:3003735|Staphylococcus mutant fusA gene conferring resistance to fusidic acid [Staphylococcus aureus subsp. aureus MRSA252] 	1.9e-12	130	33.077	79	149	31	14	136	12	140	NVGTIGHVDHGKTTLTAAITKYFGDFRAY-------DQIDGAPEEKARGITISTAHVEYETDARHYAHVDCPGHADYVKNMITGAAQMDGGILVVNAADGPMPQTREHILLARQVGVPALVVFMNKVDQV	NIGIMAHIDAGKTTTTERILYYTGRIHKIGETHEGASQMDWMEQEQDRGITITSAATTAAWEGHRVNIIDTPGHVDFTVEVERSLRVLDGAVTVLDAQSGVEPQTETVWRQATTYGVPR-IVFVNKMDKL
297_RNODE_13_length_755597_402	gb|CDO13981.1|ARO:3003585|Klebsiella	gb|CDO13981.1|ARO:3003585|Klebsiella mutant PhoP conferring antibiotic resistance to colistin [Klebsiella pneumoniae] 	7.26e-12	104	28.846	74	140	23	5	108	1	104	MKIAIVDDEQDMRQSISQWLALSGFDTETFPSAEEALKSVGSDYPGVVISDIRMPGMDGMQFLKKLMSVDSALPVIMITGHGDVPMAVEAMRVGAYDFLEKPFN	MRVLVVEDNALLRHHLKVQLQELGHQVDAAEDAREADYYLGEHLPDIAIVDLGLPDEDGLSLIRRWRSHDVSLPVLVLTAREGWQDKVEVLSAGADDYVTKPFH
297_RNODE_13_length_755597_402	gb|CDJ73205|ARO:3003893|Escherichia	gb|CDJ73205|ARO:3003893|Escherichia coli UhpA with mutation conferring resistance to fosfomycin [Escherichia coli str. K-12 substr. MC4100] 	1.21e-08	111	29.73	71	114	24	5	112	2	108	MKIAIVDDEQDMRQSISQWLALSGFDTET---FPSAEEALKSVGSDYPGVVISDIRMPGMDGMQFLKKLMSVDSALPVIMITGHGDVPMAVEAMRVGAYDFLEKPFNPDRM	ITVALIDDHLIVRSGFAQLLGLEP-DLQVVAEFGSGREALAGLPGRGVQVCICDISMPDISGLELLSQL---PKGMATIMLSVHDSPALVEQALNAGARGFLSKRCSPDEL
297_RNODE_13_length_755597_402	gb|AAG08162.1|ARO:3003582|basR	gb|AAG08162.1|ARO:3003582|basR [Pseudomonas aeruginosa PAO1] 	7.38e-08	128	28.125	88	108	29	5	132	1	124	MKIAIVDDEQDMRQSISQWLALSGFDTETFPSAEEALKSVGSDYPGVVISDIRMPGMDGMQFLKKLMSVDSALPVIMITGHGDVPMAVEAMRVGAYDFLEKPFNPDRMTELAKKATQNRRMTLDGRIL	MRILLAEDDLLLGDGIRAGLRLEGDTVEWVTDGVAAENALVTDEFDLLVLDIGLPRRSGLDILRNLRHQGLLTPVLLLTARDKVADRVAGLDSGADDYLTKPFDLDELQARVRALT--RRTT--GRAL
297_RNODE_13_length_755597_631	gb|AAN82549.1|ARO:3003369|Escherichia	gb|AAN82549.1|ARO:3003369|Escherichia coli EF-Tu mutants conferring resistance to Pulvomycin [Escherichia coli CFT073] 	1.56e-11	133	30.075	76	142	24	25	151	33	154	ISHPDAGKTTLTEKFLL-----FGGAIQMAGQVRAKGEARRTRSDFMQMEKDRGISVSASAMSFDFGKFRFNLVDTPGHSDFSEDTYRTLTAVDAAVMVIDGAKGVESQTQKLFEVCRMRDLP-ILTFCNKMD	IGHVDHGKTTLTAAITTVLAKTYGGAARAFDQI-----------DNAPEEKARGITINTSHVEYDTPTRHYAHVDCPGHADYVKNMITGAAQMDGAILVVAATDGPMPQTREHILLGRQVGVPYIIVFLNKCD
297_RNODE_13_length_755597_631	gb|AAC76364.1|ARO:3003370|Escherichia	gb|AAC76364.1|ARO:3003370|Escherichia coli EF-Tu mutants conferring resistance to Enacyloxin IIa [Escherichia coli str. K-12 substr. MG1655] 	1.78e-11	133	30.075	76	142	24	25	151	18	139	ISHPDAGKTTLTEKFLL-----FGGAIQMAGQVRAKGEARRTRSDFMQMEKDRGISVSASAMSFDFGKFRFNLVDTPGHSDFSEDTYRTLTAVDAAVMVIDGAKGVESQTQKLFEVCRMRDLP-ILTFCNKMD	IGHVDHGKTTLTAAITTVLAKTYGGAARAFDQI-----------DNAPEEKARGITINTSHVEYDTPTRHYAHVDCPGHADYVKNMITGAAQMDGAILVVAATDGPMPQTREHILLGRQVGVPYIIVFLNKCD
297_RNODE_13_length_755597_631	gb|AAA50993.1|ARO:3003368|Escherichia	gb|AAA50993.1|ARO:3003368|Escherichia coli EF-Tu mutants conferring resistance to kirromycin [Escherichia coli] 	1.78e-11	133	30.075	76	142	24	25	151	18	139	ISHPDAGKTTLTEKFLL-----FGGAIQMAGQVRAKGEARRTRSDFMQMEKDRGISVSASAMSFDFGKFRFNLVDTPGHSDFSEDTYRTLTAVDAAVMVIDGAKGVESQTQKLFEVCRMRDLP-ILTFCNKMD	IGHVDHGKTTLTAAITTVLAKTYGGAARAFDQI-----------DNAPEEKARGITINTSHVEYDTPTRHYAHVDCPGHADYVKNMITGAAQMDGAILVVAATDGPMPQTREHILLGRQVGVPYIIVFLNKCD
297_RNODE_13_length_755597_631	gb|AFK57679.1|ARO:3003438|Enterococcus	gb|AFK57679.1|ARO:3003438|Enterococcus faecium EF-Tu mutants conferring resistance to GE2270A [Enterococcus faecium DO] 	2.93e-11	132	29.545	84	140	24	22	151	43	167	FAIISHPDAGKTTLTEKFLLFGGAIQMAGQVRAKGEAR-RTRSDFMQMEKDRGISVSASAMSFDFGKFRFNLVDTPGHSDFSEDTYRTLTAVDAAVMVIDGAKGVESQTQKLFEVCRMRDLP-ILTFCNKMD	IGTIGHVDHGKTTLT-------AAITTVLSKKNGGQAMAYDQIDGAPEERERGITISTAHVEYETDTRHYAHVDCPGHADYVKNMITGAAQMDGAILVVSAADGPMPQTREHILLSRQVGVPYIVVFLNKVD
297_RNODE_13_length_755597_631	gb|AXU66539.1|ARO:3003357|Clostridioides	gb|AXU66539.1|ARO:3003357|Clostridioides difficile EF-Tu mutants conferring resistance to elfamycin [Clostridioides difficile] 	9.16e-10	137	29.927	78	128	24	22	151	15	140	FAIISHPDAGKTTLTEKFLLFGGAIQMAGQVRAK-GEARRTRSDFMQM-----EKDRGISVSASAMSFDFGKFRFNLVDTPGHSDFSEDTYRTLTAVDAAVMVIDGAKGVESQTQKLFEVCRMRDLP-ILTFCNKMD	IGTIGHVDHGKTTLT-------AAITKTLYDRYQLGEA----VDFANIDKAPEERERGITISTAHVEYETPNRHYAHVDCPGHADYVKNMITGAAQMDGAILVCSATDGPMPQTREHILLSRQVGVPYIVVFLNKCD
297_RNODE_13_length_755597_631	gb|AAB39605.1|ARO:3003361|Planobispora	gb|AAB39605.1|ARO:3003361|Planobispora rosea EF-Tu mutants conferring resistance to inhibitor GE2270A [Planobispora rosea] 	1e-08	134	29.104	84	119	24	22	151	15	141	FAIISHPDAGKTTLTEKFLLFGGAIQMAGQVRAKGEARRT---RSDFMQMEKDRGISVSASAMSFDFGKFRFNLVDTPGHSDFSEDTYRTLTAVDAAVMVIDGAKGVESQTQKLFEVCRMRDLP-ILTFCNKMD	IGTIGHIDHGKTTLT-------AAITKVLHDRYPELNKATPFDKIDKAPEEKARGITISIAHVEYQTEKRHYAHVDCPGHADYVKNMITGAAQMDGAILVVAATAGPMPQTKEHVLLARQVGVPYIVVALNKAD
297_RNODE_13_length_755597_631	gb|CAA67349.1|ARO:3003359|Streptomyces	gb|CAA67349.1|ARO:3003359|Streptomyces cinnamoneus EF-Tu mutants conferring resistance to elfamycin [Streptomyces cinnamoneus] 	4.47e-08	153	26.144	104	114	28	21	169	14	161	TFAIISHPDAGKTTLTEKFL-LFGGAIQMAGQVRAKGEARRTRSDFMQMEKDRGISVSASAMSFDFGKFRFNLVDTPGHSDFSEDTYRTLTAVDAAVMVIDGAKGVESQTQKLFEVCRMRDLP-ILTFCNKMDR-ESRDTFEIID-EIQEMLA	NIGTIGHVDHGKTTLTAAITKVLHDAIPDLNPFTPFDEI-----DKAPEERQRGITISIAHVEYQTESRHYAHVDCPGHADYIKNMITGAAQMDGAILVVAATDGPMPQTKEHVLLARQSGVPYIVVALNKADMVDDEEIMELVELEVRELLS
297_RNODE_14_length_50699_30	gb|AGQ48857.1|ARO:3003761|eatAv	gb|AGQ48857.1|ARO:3003761|eatAv [Enterococcus faecium] 	0.000697	189	25.397	116	76	71	22	206	306	473	NHAATAPAFFSVWDIHAYYGESYIVQGVSFNVHEGEILALLGRNGAGKTSTLRALARTGSPMVTHGEIWLDHQPLHKMASYEAAQNGLALVPEDRRIIQGLTVEENLKLAQIAPPIGWSLERVYELFPRLGERRT---QEGTTLSGGEQQMLAIARALVRDIKVLLLDEPYEGLAPVIVDEIEK-TLNV	SQASHHKRLLSVEDLQLGY-ENLLFEPIHFTIEPHQRVAISGPNGAGKSSIIHYLLGAFNGKVI-GE---KYQPKHLSISY-ASQN-----YEDNRGT----------LAEFAEKNQVDYQAFLNNLRKLGMERDVFHNKIEQMSMGQRKKVELAKSLSQPAELYIWDEPLNYLDVFNQEQLEQLILNV
297_RNODE_18_length_68502_56	gb|AFK57679.1|ARO:3003438|Enterococcus	gb|AFK57679.1|ARO:3003438|Enterococcus faecium EF-Tu mutants conferring resistance to GE2270A [Enterococcus faecium DO] 	1.1400000000000001e-26	314	30.255	182	265	47	27	329	36	323	RDKDMLRFITCGSVDDGKSTLIGRLLYDSRRVFADQLEALEADSKASGTRGAELDFALLVDGLAAEREQGITIDVAYRFFATEARKFIVADCPGHEQYTRNMVTGASTADAAVILIDARKGVLTQTRRHSFLCHRLGIRNMVLAVNKMDLVDFSQERFDA------IEAEYRAFAEELGIERITAIPLAAVTGDNIATKSEAMDWWDGPTLIAHLETIPVRDQSSADAPFRLPVQWVNRPHQDFRGFAGQVAGGTVKPGDAVRIL---PSGTTTTVRAIPSFDGDRDSAEAGDSITLTLDDEV--DCSRGDVIA	RSKPHVNIGTIGHVDHGKTTLTAAIT--------------TVLSKKNGGQAMAYD---QIDGAPEERERGITISTAHVEYETDTRHYAHVDCPGHADYVKNMITGAAQMDGAILVVSAADGPMPQTREHILLSRQVGVPYIVVFLNKVDMVDDEELLELVEMEVRDLLTEYEFPGDDVPV--VAGSALKALEGD--ASYEEKILEL----MAAVDEYIPTPERDN-DKPFMMPVEDVFSITGRGTVATGRVERGQVRVGDEVEVVGIAEETSKTTVTGVEMFRKLLDYAEAGDNIGALLRGVAREDIQRGQVLA
297_RNODE_18_length_68502_56	gb|CAA67349.1|ARO:3003359|Streptomyces	gb|CAA67349.1|ARO:3003359|Streptomyces cinnamoneus EF-Tu mutants conferring resistance to elfamycin [Streptomyces cinnamoneus] 	1.32e-25	333	29.73	190	255	50	27	344	8	311	RDKDMLRFITCGSVDDGKSTLIGRLLYDSRRVFADQLEALEADSKASGTRGAELDFALLVDGLAAEREQGITIDVAYRFFATEARKFIVADCPGHEQYTRNMVTGASTADAAVILIDARKGVLTQTRRHSFLCHRLGIRNMVLAVNKMDLVDFSQERFDAIEAEYRAFAEELGIER-----ITAIPLAAVTGDNIATKSEAMDWWDGPTLIAHL----ETIPVRDQSSADAPFRLPVQWVNRPHQDFRGFAGQVAGGTVKPGDAVRIL---PSGTTTTVRAIPSFDGDRDSAEAGDSITLTLD--DEVDCSRGD-VIASADDPPQVADQFEAT	RTKPHVNIGTIGHVDHGKTTLTAAIT----KVLHDAIPDLNPFTPFD-----EIDKA------PEERQRGITISIAHVEYQTESRHYAHVDCPGHADYIKNMITGAAQMDGAILVVAATDGPMPQTKEHVLLARQSGVPYIVVALNKADMVD-DEEIMELVELEVRELLSEYEFDGDNCPVVQVSALKALEGDK--------EW--GEKLLGLMKAVDENIP-QPERDVDKPFLMPIEDVFTITGRGTVVTGRIERGVLKVNETVDIIGIKTEKTTTTVTGIEMFRKLLDEGQAGENVGLLLRGIKREDVERGQCIIKPGTVTPHT--EFEAT
297_RNODE_18_length_68502_56	gb|AXU66539.1|ARO:3003357|Clostridioides	gb|AXU66539.1|ARO:3003357|Clostridioides difficile EF-Tu mutants conferring resistance to elfamycin [Clostridioides difficile] 	1.5799999999999998e-23	324	29.012	177	239	48	27	330	8	298	RDKDMLRFITCGSVDDGKSTL---IGRLLYDSRRVFADQLEALEADSKASGTRGAELDFALLVDGLAAEREQGITIDVAYRFFATEARKFIVADCPGHEQYTRNMVTGASTADAAVILIDARKGVLTQTRRHSFLCHRLGIRNMVLAVNKMDLVDFSQERFDA------IEAEYRAFAEELGIERITAIPLAAVTGDNIATKSEAMDWWDGPTLIAHLETI------PVRDQSSADAPFRLPVQWVNRPHQDFRGFAGQVAGGTVKPGDAVRIL---PSGTTTTVRAIPSFDGDRDSAEAGDSITLTLD--DEVDCSRGDVIAS	RTKPHVNIGTIGHVDHGKTTLTAAITKTLYDRYQL------------------GEAVDFAN-IDKAPEERERGITISTAHVEYETPNRHYAHVDCPGHADYVKNMITGAAQMDGAILVCSATDGPMPQTREHILLSRQVGVPYIVVFLNKCDMVDDEELLELVEMEVRDLLTEYDFPGDDTPIVRGSAL---------MALEDPKSEWGD--KIVELFEQIDEYIPAPERD---TDKPFLMPVEDVFSITGRGTVATGRVERGVLKVQDEVELVGLTEAPRKVVVTGVEMFRKLLDQAQAGDNIGALLRGVQRNEIERGQVLAK
297_RNODE_18_length_68502_56	gb|AAN82549.1|ARO:3003369|Escherichia	gb|AAN82549.1|ARO:3003369|Escherichia coli EF-Tu mutants conferring resistance to Pulvomycin [Escherichia coli CFT073] 	1.02e-20	316	25.316	196	217	48	27	330	23	310	RDKDMLRFITCGSVDDGKSTLIGRLLYDSRRVFADQLEALEADSKASGTRGAELDFALLVDGLAAEREQGITIDVAYRFFATEARKFIVADCPGHEQYTRNMVTGASTADAAVILIDARKGVLTQTRRHSFLCHRLGIRNMVLAVNKMDLVDFSQERFDA------IEAEYRAFAEELGIERITAIPLAAVTGDNIATKSEAMDWWDGPT--LIAHLETIPVRDQSSADAPFRLPVQWVNRPHQDFRGFAGQVAGGTVKPGDAVRILPSGTT--TTVRAIPSFDGDRDSAEAGDSITLTLD--DEVDCSRGDVIAS	RTKPHVNVGTIGHVDHGKTTLTAAITTVLAKTYGGAARAFDQ-----------------IDNAPEEKARGITINTSHVEYDTPTRHYAHVDCPGHADYVKNMITGAAQMDGAILVVAATDGPMPQTREHILLGRQVGVPYIIVFLNKCDMVDDEELLELVEMEVRELLSQYDFPGDDTPIVRGSA--LKALEGDA---------EWEAKILELAGFLDSYIPEPERAIDKPFLLPIEDVFSISGRGTVVTGRVERGIIKVGEEVEIVGIKETQKSTCTGVEMFRKLLDEGRAGENVGVLLRGIKREEIERGQVLAK
297_RNODE_18_length_68502_56	gb|AAC76364.1|ARO:3003370|Escherichia	gb|AAC76364.1|ARO:3003370|Escherichia coli EF-Tu mutants conferring resistance to Enacyloxin IIa [Escherichia coli str. K-12 substr. MG1655] 	1.1e-20	316	25.316	196	217	48	27	330	8	295	RDKDMLRFITCGSVDDGKSTLIGRLLYDSRRVFADQLEALEADSKASGTRGAELDFALLVDGLAAEREQGITIDVAYRFFATEARKFIVADCPGHEQYTRNMVTGASTADAAVILIDARKGVLTQTRRHSFLCHRLGIRNMVLAVNKMDLVDFSQERFDA------IEAEYRAFAEELGIERITAIPLAAVTGDNIATKSEAMDWWDGPT--LIAHLETIPVRDQSSADAPFRLPVQWVNRPHQDFRGFAGQVAGGTVKPGDAVRILPSGTT--TTVRAIPSFDGDRDSAEAGDSITLTLD--DEVDCSRGDVIAS	RTKPHVNVGTIGHVDHGKTTLTAAITTVLAKTYGGAARAFDQ-----------------IDNAPEEKARGITINTSHVEYDTPTRHYAHVDCPGHADYVKNMITGAAQMDGAILVVAATDGPMPQTREHILLGRQVGVPYIIVFLNKCDMVDDEELLELVEMEVRELLSQYDFPGDDTPIVRGSA--LKALEGDA---------EWEAKILELAGFLDSYIPEPERAIDKPFLLPIEDVFSISGRGTVVTGRVERGIIKVGEEVEIVGIKETQKSTCTGVEMFRKLLDEGRAGENVGVLLRGIKREEIERGQVLAK
297_RNODE_18_length_68502_56	gb|AAA50993.1|ARO:3003368|Escherichia	gb|AAA50993.1|ARO:3003368|Escherichia coli EF-Tu mutants conferring resistance to kirromycin [Escherichia coli] 	1.1e-20	316	25.316	196	217	48	27	330	8	295	RDKDMLRFITCGSVDDGKSTLIGRLLYDSRRVFADQLEALEADSKASGTRGAELDFALLVDGLAAEREQGITIDVAYRFFATEARKFIVADCPGHEQYTRNMVTGASTADAAVILIDARKGVLTQTRRHSFLCHRLGIRNMVLAVNKMDLVDFSQERFDA------IEAEYRAFAEELGIERITAIPLAAVTGDNIATKSEAMDWWDGPT--LIAHLETIPVRDQSSADAPFRLPVQWVNRPHQDFRGFAGQVAGGTVKPGDAVRILPSGTT--TTVRAIPSFDGDRDSAEAGDSITLTLD--DEVDCSRGDVIAS	RTKPHVNVGTIGHVDHGKTTLTAAITTVLAKTYGGAARAFDQ-----------------IDNAPEEKARGITINTSHVEYDTPTRHYAHVDCPGHADYVKNMITGAAQMDGAILVVAATDGPMPQTREHILLGRQVGVPYIIVFLNKCDMVDDEELLELVEMEVRELLSQYDFPGDDTPIVRGSA--LKALEGDA---------EWEAKILELAGFLDSYIPEPERAIDKPFLLPIEDVFSISGRGTVVTGRVERGIIKVGEEVEIVGIKETQKSTCTGVEMFRKLLDEGRAGENVGVLLRGIKREEIERGQVLAK
297_RNODE_18_length_68502_56	gb|CAG39573|ARO:3003735|Staphylococcus	gb|CAG39573|ARO:3003735|Staphylococcus mutant fusA gene conferring resistance to fusidic acid [Staphylococcus aureus subsp. aureus MRSA252] 	3.75e-05	136	29.412	80	91	21	40	175	19	138	VDDGKSTLIGRLLYDSRRVFADQLEALEADSKASGTRGAELDFALLVDGLAAEREQGITIDVAYRFFATEARKFIVADCPGHEQYTRNMVTGASTADAAVILIDARKGVLTQTRRHSFLCHRLGIRNMVLAVNKMD	IDAGKTTTTERILYYTGRIH---------------KIGETHEGASQMDWMEQEQDRGITITSAATTAAWEGHRVNIIDTPGHVDFTVEVERSLRVLDGAVTVLDAQSGVEPQTETVWRQATTYGVPRIVF-VNKMD
297_RNODE_14_length_50699_27	gb|AAC74370.1|ARO:3004045|antibiotic	gb|AAC74370.1|ARO:3004045|antibiotic resistant fabI [Escherichia coli str. K-12 substr. MG1655] 	1.34e-05	285	25.614	159	89	99	1	265	1	252	MSFLTGKTALVTGSTS--GIGLGIATELAKAGIRIAVHSIPGDKHAEDAVKAVKEAGAPDAK---FFAADVSKPDAIHDLIAEV-EAWSPIDILVNNAGIQFTAGITDMPDEKW-DAI------IAINLSA-SFHTMKAALPLMEKRGYGRIINVASVHGLVASKDKVPYVAAKHGLVGMSKVVALEYAAKGDAEA---GGITVNCIAPGFTETPLIEDQIQAAAKRAGGDRDAGIAELLSEKQ---PSLRMTQTSDLGALAVFLCGHAAQNLTGATIPVDGGWT	MGFLSGKRILVTGVASKLSIAYGIAQAMHREGAELAF------TYQNDKLKGRVEEFAAQLGSDIVLQCDVAEDASIDTMFAELGKVWPKFDGFVHSIG--FAPG--DQLDGDYVNAVTREGFKIAHDISSYSFVAMAKACRSMLNPGSALL-----TLSYLGAERAIP----NYNVMGLAKA-SLEANVRYMANAMGPEGVRVNAISAGPIRTL-----------AASGIKD--FRKMLAHCEAVTPIRRTVTIEDVGNSAAFLCSDLSAGISGEVVHVDGGFS
297_RNODE_13_length_755597_102	gb|AAG04569.1|ARO:3003896|Pseudomonas	gb|AAG04569.1|ARO:3003896|Pseudomonas mutant PhoQ conferring resistance to colistin [Pseudomonas aeruginosa PAO1] 	1.96e-06	62	40.323	33	100	14	369	429	379	437	EMSVADRGPGIPEAERDKVLRRLYRLERSRTT-PGNGLGLALVAAIAEAHGATLTLADNAPG	ELWVEDDGPGVPAEQRARIIR---RGERADTQHPGQGIGLAVALDIIESYDGELSLDDSELG
291_RNODE_11_length_104062_13	gb|AFK57679.1|ARO:3003438|Enterococcus	gb|AFK57679.1|ARO:3003438|Enterococcus faecium EF-Tu mutants conferring resistance to GE2270A [Enterococcus faecium DO] 	1.1400000000000001e-26	314	30.255	182	265	47	27	329	36	323	RDKDMLRFITCGSVDDGKSTLIGRLLYDSRRVFADQLEALEADSKASGTRGAELDFALLVDGLAAEREQGITIDVAYRFFATEARKFIVADCPGHEQYTRNMVTGASTADAAVILIDARKGVLTQTRRHSFLCHRLGIRNMVLAVNKMDLVDFSQERFDA------IEAEYRAFAEELGIERITAIPLAAVTGDNIATKSEAMDWWDGPTLIAHLETIPVRDQSSADAPFRLPVQWVNRPHQDFRGFAGQVAGGTVKPGDAVRIL---PSGTTTTVRAIPSFDGDRDSAEAGDSITLTLDDEV--DCSRGDVIA	RSKPHVNIGTIGHVDHGKTTLTAAIT--------------TVLSKKNGGQAMAYD---QIDGAPEERERGITISTAHVEYETDTRHYAHVDCPGHADYVKNMITGAAQMDGAILVVSAADGPMPQTREHILLSRQVGVPYIVVFLNKVDMVDDEELLELVEMEVRDLLTEYEFPGDDVPV--VAGSALKALEGD--ASYEEKILEL----MAAVDEYIPTPERDN-DKPFMMPVEDVFSITGRGTVATGRVERGQVRVGDEVEVVGIAEETSKTTVTGVEMFRKLLDYAEAGDNIGALLRGVAREDIQRGQVLA
291_RNODE_11_length_104062_13	gb|CAA67349.1|ARO:3003359|Streptomyces	gb|CAA67349.1|ARO:3003359|Streptomyces cinnamoneus EF-Tu mutants conferring resistance to elfamycin [Streptomyces cinnamoneus] 	1.32e-25	333	29.73	190	255	50	27	344	8	311	RDKDMLRFITCGSVDDGKSTLIGRLLYDSRRVFADQLEALEADSKASGTRGAELDFALLVDGLAAEREQGITIDVAYRFFATEARKFIVADCPGHEQYTRNMVTGASTADAAVILIDARKGVLTQTRRHSFLCHRLGIRNMVLAVNKMDLVDFSQERFDAIEAEYRAFAEELGIER-----ITAIPLAAVTGDNIATKSEAMDWWDGPTLIAHL----ETIPVRDQSSADAPFRLPVQWVNRPHQDFRGFAGQVAGGTVKPGDAVRIL---PSGTTTTVRAIPSFDGDRDSAEAGDSITLTLD--DEVDCSRGD-VIASADDPPQVADQFEAT	RTKPHVNIGTIGHVDHGKTTLTAAIT----KVLHDAIPDLNPFTPFD-----EIDKA------PEERQRGITISIAHVEYQTESRHYAHVDCPGHADYIKNMITGAAQMDGAILVVAATDGPMPQTKEHVLLARQSGVPYIVVALNKADMVD-DEEIMELVELEVRELLSEYEFDGDNCPVVQVSALKALEGDK--------EW--GEKLLGLMKAVDENIP-QPERDVDKPFLMPIEDVFTITGRGTVVTGRIERGVLKVNETVDIIGIKTEKTTTTVTGIEMFRKLLDEGQAGENVGLLLRGIKREDVERGQCIIKPGTVTPHT--EFEAT
291_RNODE_11_length_104062_13	gb|AXU66539.1|ARO:3003357|Clostridioides	gb|AXU66539.1|ARO:3003357|Clostridioides difficile EF-Tu mutants conferring resistance to elfamycin [Clostridioides difficile] 	1.5799999999999998e-23	324	29.012	177	239	48	27	330	8	298	RDKDMLRFITCGSVDDGKSTL---IGRLLYDSRRVFADQLEALEADSKASGTRGAELDFALLVDGLAAEREQGITIDVAYRFFATEARKFIVADCPGHEQYTRNMVTGASTADAAVILIDARKGVLTQTRRHSFLCHRLGIRNMVLAVNKMDLVDFSQERFDA------IEAEYRAFAEELGIERITAIPLAAVTGDNIATKSEAMDWWDGPTLIAHLETI------PVRDQSSADAPFRLPVQWVNRPHQDFRGFAGQVAGGTVKPGDAVRIL---PSGTTTTVRAIPSFDGDRDSAEAGDSITLTLD--DEVDCSRGDVIAS	RTKPHVNIGTIGHVDHGKTTLTAAITKTLYDRYQL------------------GEAVDFAN-IDKAPEERERGITISTAHVEYETPNRHYAHVDCPGHADYVKNMITGAAQMDGAILVCSATDGPMPQTREHILLSRQVGVPYIVVFLNKCDMVDDEELLELVEMEVRDLLTEYDFPGDDTPIVRGSAL---------MALEDPKSEWGD--KIVELFEQIDEYIPAPERD---TDKPFLMPVEDVFSITGRGTVATGRVERGVLKVQDEVELVGLTEAPRKVVVTGVEMFRKLLDQAQAGDNIGALLRGVQRNEIERGQVLAK
291_RNODE_11_length_104062_13	gb|AAN82549.1|ARO:3003369|Escherichia	gb|AAN82549.1|ARO:3003369|Escherichia coli EF-Tu mutants conferring resistance to Pulvomycin [Escherichia coli CFT073] 	1.02e-20	316	25.316	196	217	48	27	330	23	310	RDKDMLRFITCGSVDDGKSTLIGRLLYDSRRVFADQLEALEADSKASGTRGAELDFALLVDGLAAEREQGITIDVAYRFFATEARKFIVADCPGHEQYTRNMVTGASTADAAVILIDARKGVLTQTRRHSFLCHRLGIRNMVLAVNKMDLVDFSQERFDA------IEAEYRAFAEELGIERITAIPLAAVTGDNIATKSEAMDWWDGPT--LIAHLETIPVRDQSSADAPFRLPVQWVNRPHQDFRGFAGQVAGGTVKPGDAVRILPSGTT--TTVRAIPSFDGDRDSAEAGDSITLTLD--DEVDCSRGDVIAS	RTKPHVNVGTIGHVDHGKTTLTAAITTVLAKTYGGAARAFDQ-----------------IDNAPEEKARGITINTSHVEYDTPTRHYAHVDCPGHADYVKNMITGAAQMDGAILVVAATDGPMPQTREHILLGRQVGVPYIIVFLNKCDMVDDEELLELVEMEVRELLSQYDFPGDDTPIVRGSA--LKALEGDA---------EWEAKILELAGFLDSYIPEPERAIDKPFLLPIEDVFSISGRGTVVTGRVERGIIKVGEEVEIVGIKETQKSTCTGVEMFRKLLDEGRAGENVGVLLRGIKREEIERGQVLAK
291_RNODE_11_length_104062_13	gb|AAC76364.1|ARO:3003370|Escherichia	gb|AAC76364.1|ARO:3003370|Escherichia coli EF-Tu mutants conferring resistance to Enacyloxin IIa [Escherichia coli str. K-12 substr. MG1655] 	1.1e-20	316	25.316	196	217	48	27	330	8	295	RDKDMLRFITCGSVDDGKSTLIGRLLYDSRRVFADQLEALEADSKASGTRGAELDFALLVDGLAAEREQGITIDVAYRFFATEARKFIVADCPGHEQYTRNMVTGASTADAAVILIDARKGVLTQTRRHSFLCHRLGIRNMVLAVNKMDLVDFSQERFDA------IEAEYRAFAEELGIERITAIPLAAVTGDNIATKSEAMDWWDGPT--LIAHLETIPVRDQSSADAPFRLPVQWVNRPHQDFRGFAGQVAGGTVKPGDAVRILPSGTT--TTVRAIPSFDGDRDSAEAGDSITLTLD--DEVDCSRGDVIAS	RTKPHVNVGTIGHVDHGKTTLTAAITTVLAKTYGGAARAFDQ-----------------IDNAPEEKARGITINTSHVEYDTPTRHYAHVDCPGHADYVKNMITGAAQMDGAILVVAATDGPMPQTREHILLGRQVGVPYIIVFLNKCDMVDDEELLELVEMEVRELLSQYDFPGDDTPIVRGSA--LKALEGDA---------EWEAKILELAGFLDSYIPEPERAIDKPFLLPIEDVFSISGRGTVVTGRVERGIIKVGEEVEIVGIKETQKSTCTGVEMFRKLLDEGRAGENVGVLLRGIKREEIERGQVLAK
291_RNODE_11_length_104062_13	gb|AAA50993.1|ARO:3003368|Escherichia	gb|AAA50993.1|ARO:3003368|Escherichia coli EF-Tu mutants conferring resistance to kirromycin [Escherichia coli] 	1.1e-20	316	25.316	196	217	48	27	330	8	295	RDKDMLRFITCGSVDDGKSTLIGRLLYDSRRVFADQLEALEADSKASGTRGAELDFALLVDGLAAEREQGITIDVAYRFFATEARKFIVADCPGHEQYTRNMVTGASTADAAVILIDARKGVLTQTRRHSFLCHRLGIRNMVLAVNKMDLVDFSQERFDA------IEAEYRAFAEELGIERITAIPLAAVTGDNIATKSEAMDWWDGPT--LIAHLETIPVRDQSSADAPFRLPVQWVNRPHQDFRGFAGQVAGGTVKPGDAVRILPSGTT--TTVRAIPSFDGDRDSAEAGDSITLTLD--DEVDCSRGDVIAS	RTKPHVNVGTIGHVDHGKTTLTAAITTVLAKTYGGAARAFDQ-----------------IDNAPEEKARGITINTSHVEYDTPTRHYAHVDCPGHADYVKNMITGAAQMDGAILVVAATDGPMPQTREHILLGRQVGVPYIIVFLNKCDMVDDEELLELVEMEVRELLSQYDFPGDDTPIVRGSA--LKALEGDA---------EWEAKILELAGFLDSYIPEPERAIDKPFLLPIEDVFSISGRGTVVTGRVERGIIKVGEEVEIVGIKETQKSTCTGVEMFRKLLDEGRAGENVGVLLRGIKREEIERGQVLAK
291_RNODE_11_length_104062_13	gb|CAG39573|ARO:3003735|Staphylococcus	gb|CAG39573|ARO:3003735|Staphylococcus mutant fusA gene conferring resistance to fusidic acid [Staphylococcus aureus subsp. aureus MRSA252] 	3.75e-05	136	29.412	80	91	21	40	175	19	138	VDDGKSTLIGRLLYDSRRVFADQLEALEADSKASGTRGAELDFALLVDGLAAEREQGITIDVAYRFFATEARKFIVADCPGHEQYTRNMVTGASTADAAVILIDARKGVLTQTRRHSFLCHRLGIRNMVLAVNKMD	IDAGKTTTTERILYYTGRIH---------------KIGETHEGASQMDWMEQEQDRGITITSAATTAAWEGHRVNIIDTPGHVDFTVEVERSLRVLDGAVTVLDAQSGVEPQTETVWRQATTYGVPRIVF-VNKMD
285_RNODE_1_length_12329_7	gb|AGQ48857.1|ARO:3003761|eatAv	gb|AGQ48857.1|ARO:3003761|eatAv [Enterococcus faecium] 	2.65e-05	229	23.581	140	89	60	1	222	1	201	MTGVSIRDIRKSYD--GKQVVHGLNAEIPDGCFAAIVGPSGCGKSTLLRMIAGLEQITGGELRIGDHLMNDIEPSDRGCAMVFQNYALYPHMTV-AENLAYPLKIARLPKPERQTRIEEAARILGLS----ELLDRRPAQLSGGQRQRVAMGRAIVRKPDVFLFDEPLSNLDAKLRVQMRLEIKRLHRQLGATSVFVTHDQVEAMTMADLLIVMNGGRIEQIGSPAEVY	MSKIEIKNLTFGYDSQGTLLFEQANLNFDTQWKLGLIGRNGRGKTTLLNI-----------------LQNKL-PY-QGQVIHQQEFAYFPQQTKDKERLTYYV-LNDITDFE----IWEIERELQLMQTDPEILWREFSTLSGGEKTKVLLALLFVDDTHFPLIDEPTNHLDISGRKQVAAYLKKKKQGF----IVVSHDRGFIDEVVDHVLAIEKSQLELYQGNFSIY
106_LNODE_1_length_5651_2	gb|ACF30254.1|ARO:3004851|Neisseria	gb|ACF30254.1|ARO:3004851|Neisseria gonorrhoea mtrR with mutation conferring resistance [Neisseria gonorrhoeae NCCP11945] Partial	0.000486	56	30.357	39	74	28	15	70	18	73	AIMQVFWSRGYEATSLSDLERATSLVRTSLYNSFGKKPEMFLDSLKLYHETIENQI	AALETFYRKGIARTSLNEIAQAAGVTRGALYWHFKNKEDLFDALFQRICDDIENCI
106_LNODE_1_length_5651_2	gb|ACF30254.1|ARO:3000817|mtrR	gb|ACF30254.1|ARO:3000817|mtrR [Neisseria gonorrhoeae NCCP11945] 	0.000486	56	30.357	39	74	28	15	70	18	73	AIMQVFWSRGYEATSLSDLERATSLVRTSLYNSFGKKPEMFLDSLKLYHETIENQI	AALETFYRKGIARTSLNEIAQAAGVTRGALYWHFKNKEDLFDALFQRICDDIENCI
297_NODE_1_length_26932_11	gb|ADK17136.1|ARO:3004563|Clostridioides	gb|ADK17136.1|ARO:3004563|Clostridioides difficile rpoB with mutation conferring resistance to rifampicin [Clostridium ljungdahlii DSM 13528] 	0.0	962	50.104	403	2280	91	9	955	9	908	KRLRKYYGKIREVLEMPNLIEVQKASYDLFLNSGDAPQPTDGEGIMGVFQSVFPIKDFNETAVLEFVSYELEAP--KYDVEECQARDMTYSAPLKVKLRLIVFDINEDTGAKSVKGIKEQDVFMGDMPLMTPNGTFVVNGTERVIVSQMHRSPGVFFDHDKGKTHASGKLLFACRIIPYRGSWLDFEFDAKDIVFARIDRRRKLPVTTLLYALGLDQEAIMDAYYNT---VNYTLEKNKGWVTKFFPE-------RIR-GTRPTMDIVDADSGEVIFEATKKVTPRAVKKIIDEGKVKNILVPFDAIVGRYAAKDMINEENGAIYVEAGDELTLEYDKDGTLIGGTVKELIDAGVTEVPVLDIDNITVGPYIRNTMAADKNMNRDGALMDIYRVMRPGEPPTVEAASTLFDQLFFDSERYDLSAVGRVKMNMRLNLDAEDTQRTLRREDIVACIKALVELRDGKGEVDDIDHLGNRRVRSVGELMENQYRVGLLRMERAIKERMSSVEIDTVMPQDLINAKPAAAAVREFFGSSQLSQFMDQTNPLSEVSHKRRLSALGPGGLTRERAGFEVRDVHPTHYGRMCPIETPEGPNIGLINNLATFARVNKYGFIETPYRRV--EGGKVTDDVKYMSATEEMRHTVAQANANLDESGMFVNDMVNTRQSGEYTLAPRDAVDLIDVSPKQLVSVAASLIPFLENDDANRALMGSNMQKQAVPLLRAEAPLVGTGIEGKVAVDSGAAIQARRAGVIDQVDATRIVIRATADLSVGDPGVDIYRMRKFQRSNQNTCINQRPLVKVGQEVQKGEVIADGPSTDMGELALGKNVVVAFMPWNGYNYEDSILISERIAADDVFTSIHIEEFEVAARDTKLGPEEITRDIPNVGEEALRNLDEAGIVYIGAHVEPGDILVGKITPKGESPMTPEEKLLRAIFGEKASDVRDTSLRVKPGDYGTVVEVRVFNR	KRTRMSFSRLKEIGHMPNLIEVQLDSYNWFLK----------EGLQEVFDDINPIQDYTANLNLEFVGYKLDMDNIKYSVEECKERDATYAAPLKVKVRLI----NKETGE-----VKEQEVFMGDFPLMTEQGTFIINGAERVIVSQLVRSPGVYYDLSVDKT---GKNLFSSTVIPNRGAWLEYETDSNNVIYVRIDKTRKLPITILIRAMGYGTDAEITNFFGEDERLKATIEKDN---TKTHEEALLEIYKRLRPGEPPTVDSAQSLIESLFFDAKRYDLSR-----VGRYKFNKKLSLHLRIANQIAAQDVVNPDTGEILIQKGEKINREKAVEIQQCGINV---VDIQIEDIVLRVIGNNFVD--IRSFIDFD---------IDDLNIKESVHYPTLKK---ILDN-YSDEES--------IKEQIRKNI-HELIPKHIVRDDMYATISYELGLAYGVGHTDDIDHLGNRRLRSVGELLQNQFRIGLSRMERVVKERMTIQDQEVITPQALINIRPVAASIKEFFGSSQLSQFMDQTNPLSELTHKRRLSALGPGGLSRERAGFEVRDVHHSHYGRMCPIETPEGPNIGLINSLATYARVNQYGFIETPYRKVDKENKRVTNEIVYMTADEEDEYLIGRANEPIDENGNFIDNKITVRDKEDVIVVPGQDVDYMDVSSRQLVSVATAMIPFLENDDASRALMGSNMQRQAVPLLKPQAPIVGTGIEYKAAVDSGVLPKARNAGVVSYVCANEVRVKRDSD-----GGTDIYRLLKFQRSNQCTCINQRPIVEKGEVVKKGTVLADGPSTDLGEIALGKNIRMGFTTWEGYNYEDAMLISEELVKKDVFTSIHLEEYESEARDTKLGPEEITRDIPNVGEDALKDIDERGIIRIGAEVRAGDILVGKVTPKGETELTAEERLLRAIFGEKAREVRDTSLRVPHGEAGIIVDVKVFTR
297_NODE_1_length_26932_11	gb|ADK17136.1|ARO:3004563|Clostridioides	gb|ADK17136.1|ARO:3004563|Clostridioides difficile rpoB with mutation conferring resistance to rifampicin [Clostridium ljungdahlii DSM 13528] 	5.47e-99	315	56.19	84	869	91	1064	1378	904	1164	KVEKVRRGDDLPPGVMKMVKVFIAVKRKLQPGDKMAGRHGNKGVVSRVVPVEDMPFLGDGTPVDFCLNPLGVPSRMNVGQILETHMGWAARGLGIRIDDALADYSRSGDLTPVRDAMKHAYGEDVYDEGIGGMDETALIEAASNVTRGVPIATPVFDGAKEPEVNDALKRAGFDQSGQSVLYDGRTGEQFARKVTVGVKYLLKLHHLVDDKIHARSTGPYSLVTQQPLGGKAQFGGQRFGEMEVWALEAYGAAYTLQEMLTVKSDDVAGRTKVYESIVKGEDNFEAGVPESFNVLVKEVRGLGLNMELLDSEGED	KVFTRENGDELSPGVNKLVRCYIAQKRKISVGDKMAGRHGNKGVISRVLPEEDMPFLPDGRPLQICLNPLGVPSRMN----------------------------------------------------IGQVLEVHLGWAASKL--GWHVATPVFDGATEEDILECLKKAGYREDGKTILYDGRTGEEFNRPVTVGYMYILKLAHLVDDKIHARSTGPYSLVTQQPLGGKAQFGGQRFGEMEVWALEAYGAAHTLQEILTVKSDDVVGRVKTYEAIVKGENIPEPGIPESFKVLIKELQALCLDVKVLNDNKEE
297_NODE_1_length_26932_11	gb|CAC30845.1|ARO:3003284|Mycobacterium	gb|CAC30845.1|ARO:3003284|Mycobacterium leprae rpoB mutations conferring resistance to rifampicin [Mycobacterium leprae] 	0.0	604	59.272	225	1891	90	367	955	258	855	IRNTMAADKNMNRDGALMDIYRVMRPGEPPTVEAASTLFDQLFFDSERYDLSAVGRVKMNMRLNLDAED--TQRTLRREDIVACIKALVELRDGKG------------EVDDIDHLGNRRVRSVGELMENQYRVGLLRMERAIKERMSSVEIDTVMPQDLINAKPAAAAVREFFGSSQLSQFMDQTNPLSEVSHKRRLSALGPGGLTRERAGFEVRDVHPTHYGRMCPIETPEGPNIGLINNLATFARVNKYGFIETPYRRVEGGKVTDDVKYMSATEEMRHTVAQANANLDESGMFVNDMVNT-RQSGEYTLAPRDAVDLIDVSPKQLVSVAASLIPFLENDDANRALMGSNMQKQAVPLLRAEAPLVGTGIEGKVAVDSGAAIQARRAGVIDQVDATRIVIRATADLSVGDPGVDIYRMRKFQRSNQNTCINQRPLVKVGQEVQKGEVIADGPSTDMGELALGKNVVVAFMPWNGYNYEDSILISERIAADDVFTSIHIEEFEVAARDTKLGPEEITRDIPNVGEEALRNLDEAGIVYIGAHVEPGDILVGKITPKGESPMTPEEKLLRAIFGEKASDVRDTSLRVKPGDYGTVVEVRVFNR	MRSTLEKDNTVGTDEALLDIYRKLRPGEPPTKESAQTLLENLFFKEKRYDLARVGRYKVNKKLGLHAGELITSSTLTEEDVVATIEYLVRLHEGQSTMTVPGGVEVPVETDDIDHFGNRRLRTVGELIQNQIRVGMSRMERVVRERMTTQDVEAITPQTLINIRPVVAAIKEFFGTSQLSQFMDQNNPLSGLTHKRRLSALGPGGLSRERAGLEVRDVHPSHYGRMCPIETPEGPNIGLIGSLSVYARVNPFGFIETPYRKVVDGVVSDEIEYLTADEEDRHVVAQANSPIDEAGRFLEPRVLVRRKAGEVEYVASSEVDYMDVSPRQMVSVATAMIPFLEHDDANRALMGANMQRQAVPLVRSEAPLVGTGMELRAAIDAGHVVVAEKSGVIEEVSADYITVMAD------DGTRRTYRMRKFARSNHGTCANQSPIVDAGDRVEAGQVIADGPCTENGEMALGKNLLVAIMPWEGHNYEDAIILSNRLVEEDVLTSIHIEEHEIDARDTKLGAEEITRDIPNVSDEVLADLDERGIVRIGAEVRDGDILVGKVTPKGETELTPEERLLRAIFGEKAREVRDTSLKVPHGESGKVIGIRVFSH
297_NODE_1_length_26932_11	gb|CAC30845.1|ARO:3003284|Mycobacterium	gb|CAC30845.1|ARO:3003284|Mycobacterium leprae rpoB mutations conferring resistance to rifampicin [Mycobacterium leprae] 	1.14e-100	517	44.101	205	879	90	885	1376	685	1142	DEAGIVYIGAHVEPGDILV-GKITPKGESPMTPEEKLLRAIF---GEKASDVRDTSLRVKPGDYGTVVEVRVFNRHGVEKDERALQIEREEVERLARDRDDE-MAILDRN----IYARLRQ--MIEGKTAAKGPKGVKPGSAIDEALLDSLSRGQWWQLALEDEQGAREVEALHDQYEVQKRALEHRFEDKVEKVRRGDDLPPGVMKMVKVFIAVKRKLQPGDKMAGRHGNKGVVSRVVPVEDMPFLGDGTPVDFCLNPLGVPSRMNVGQILETHMGWAARGLGIRIDDALADYSRSGDLTPVRDAMKHAYGEDVYDEGIGGMDETA------LIEAASNVTRGVPIATPVFDGAKEPEVNDALKRAGFDQSG--------QSVLYDGRTGEQFARKVTVGVKYLLKLHHLVDDKIHARSTGPYSLVTQQPLGGKAQFGGQRFGEMEVWALEAYGAAYTLQEMLTVKSDDVAGRTKVYESIVKGEDNFEAGVPESFNVLVKEVRGLGLNMELLDSEG	NQSPIVDAGDRVEAGQVIADGPCTENGE--MALGKNLLVAIMPWEGHNYEDAIILSNRLVEEDVLTSIHI---EEH--EIDARDTKLGAEEITRDIPNVSDEVLADLDERGIVRIGAEVRDGDILVGKVTPKGETELTP----EERLL----RAIFGEKAREVRDTSLKVPHGESGKVIGIRVFSH--EDD-------DELPAGVNELVRVYVAQKRKISDGDKLAGRHGNKGVIGKILPAEDMPFLPDGTPVDIILNTHGVPRRMNVGQILETHLGWVAKS-GWKIDVA------------------------------GGIPDWAVNLPEELLHAAPNQI----VSTPVFDGAKEEELQGLLSSTLPNRDGDVMVGGDGKAVLFDGRSGEPFPYPVTVGYMYIMKLHHLVDDKIHARSTGPYSMITQQPLGGKAQFGGQRFGEMECWAMQAYGAAYTLQELLTIKSDDTVGRVKVYEAIVKGENIPEPGIPESFKVLLKELQSLCLNVEVLSSDG
297_NODE_1_length_26932_11	gb|CAC30845.1|ARO:3003284|Mycobacterium	gb|CAC30845.1|ARO:3003284|Mycobacterium leprae rpoB mutations conferring resistance to rifampicin [Mycobacterium leprae] 	1.69e-46	239	42.259	118	445	90	12	241	38	265	RKYYGKIREVLEMPNLIEVQKASYDLFLNS--GDAPQPTDGE-----GIMGVFQSVFPIKDFNETAVLEFVSYELEAPKYDVEECQARDMTYSAPLKVKLRLIVFDINEDTGAKSVKGIKEQDVFMGDMPLMTPNGTFVVNGTERVIVSQMHRSPGVFFDHDKGKTHASGKLLFACRIIPYRGSWLDFEFDAKDIVFARIDRRRKLPVTTLLYALGLDQEAIMD--AYYNTVNYTLEKN	RISFAKLREPLEVPGLLDVQTDSFEWLIGSPCWRAAAASRGDLKPVGGLEEVLYELSPIEDFSGSMSLSFSDPRFDEVKAPVEECKDKDMTYAAPLFVTAEFI----NNNTGE-----IKSQTVFMGDFPMMTEKGTFIINGTERVVVSQLVRSPGVYFDETIDKS--TEKTLHSVKVIPSRGAWLEFDVDKRDTVGVRIDRKRRQPVTVLLKALGWTSEQITERFGFSEIMRSTLEKD
297_NODE_1_length_26932_11	gb|CCP43410.1|ARO:3003283|Mycobacterium	gb|CCP43410.1|ARO:3003283|Mycobacterium tuberculosis rpoB mutants conferring resistance to rifampicin [Mycobacterium tuberculosis H37Rv] 	0.0	605	59.339	223	1881	81	367	955	252	849	IRNTMAADKNMNRDGALMDIYRVMRPGEPPTVEAASTLFDQLFFDSERYDLSAVGRVKMNMRLNLDAED--TQRTLRREDIVACIKALVELRDGKG------------EVDDIDHLGNRRVRSVGELMENQYRVGLLRMERAIKERMSSVEIDTVMPQDLINAKPAAAAVREFFGSSQLSQFMDQTNPLSEVSHKRRLSALGPGGLTRERAGFEVRDVHPTHYGRMCPIETPEGPNIGLINNLATFARVNKYGFIETPYRRVEGGKVTDDVKYMSATEEMRHTVAQANANLDESGMFVNDMVNT-RQSGEYTLAPRDAVDLIDVSPKQLVSVAASLIPFLENDDANRALMGSNMQKQAVPLLRAEAPLVGTGIEGKVAVDSGAAIQARRAGVIDQVDATRIVIRATADLSVGDPGV-DIYRMRKFQRSNQNTCINQRPLVKVGQEVQKGEVIADGPSTDMGELALGKNVVVAFMPWNGYNYEDSILISERIAADDVFTSIHIEEFEVAARDTKLGPEEITRDIPNVGEEALRNLDEAGIVYIGAHVEPGDILVGKITPKGESPMTPEEKLLRAIFGEKASDVRDTSLRVKPGDYGTVVEVRVFNR	MRSTLEKDNTVGTDEALLDIYRKLRPGEPPTKESAQTLLENLFFKEKRYDLARVGRYKVNKKLGLHVGEPITSSTLTEEDVVATIEYLVRLHEGQTTMTVPGGVEVPVETDDIDHFGNRRLRTVGELIQNQIRVGMSRMERVVRERMTTQDVEAITPQTLINIRPVVAAIKEFFGTSQLSQFMDQNNPLSGLTHKRRLSALGPGGLSRERAGLEVRDVHPSHYGRMCPIETPEGPNIGLIGSLSVYARVNPFGFIETPYRKVVDGVVSDEIVYLTADEEDRHVVAQANSPIDADGRFVEPRVLVRRKAGEVEYVPSSEVDYMDVSPRQMVSVATAMIPFLEHDDANRALMGANMQRQAVPLVRSEAPLVGTGMELRAAIDAGDVVVAEESGVIEEVSADYITV-------MHDNGTRRTYRMRKFARSNHGTCANQCPIVDAGDRVEAGQVIADGPCTDDGEMALGKNLLVAIMPWEGHNYEDAIILSNRLVEEDVLTSIHIEEHEIDARDTKLGAEEITRDIPNISDEVLADLDERGIVRIGAEVRDGDILVGKVTPKGETELTPEERLLRAIFGEKAREVRDTSLKVPHGESGKVIGIRVFSR
297_NODE_1_length_26932_11	gb|CCP43410.1|ARO:3003283|Mycobacterium	gb|CCP43410.1|ARO:3003283|Mycobacterium tuberculosis rpoB mutants conferring resistance to rifampicin [Mycobacterium tuberculosis H37Rv] 	6.959999999999999e-101	313	56.55	99	880	81	1072	1376	853	1136	DDLPPGVMKMVKVFIAVKRKLQPGDKMAGRHGNKGVVSRVVPVEDMPFLGDGTPVDFCLNPLGVPSRMNVGQILETHMGWAARGLGIRIDDALADYSRSGDLTPVRDAMKHAYGEDVYDEGIGGMDETALIEAASNVTRGVPIATPVFDGAKEPEVNDALK-----RAG---FDQSGQSVLYDGRTGEQFARKVTVGVKYLLKLHHLVDDKIHARSTGPYSLVTQQPLGGKAQFGGQRFGEMEVWALEAYGAAYTLQEMLTVKSDDVAGRTKVYESIVKGEDNFEAGVPESFNVLVKEVRGLGLNMELLDSEG	DELPAGVNELVRVYVAQKRKISDGDKLAGRHGNKGVIGKILPVEDMPFLADGTPVDIILNTHGVPRRMNIGQILETHLGWCAHS-GWKVDAA----------------------KGVPDWAARLPDE--LLEAQPNAI----VSTPVFDGAQEAELQGLLSCTLPNRDGDVLVDADGKAMLFDGRSGEPFPYPVTVGYMYIMKLHHLVDDKIHARSTGPYSMITQQPLGGKAQFGGQRFGEMECWAMQAYGAAYTLQELLTIKSDDTVGRVKVYEAIVKGENIPEPGIPESFKVLLKELQSLCLNVEVLSSDG
297_NODE_1_length_26932_11	gb|CCP43410.1|ARO:3003283|Mycobacterium	gb|CCP43410.1|ARO:3003283|Mycobacterium tuberculosis rpoB mutants conferring resistance to rifampicin [Mycobacterium tuberculosis H37Rv] 	7.839999999999999e-46	242	41.736	115	440	81	12	241	32	259	RKYYGKIREVLEMPNLIEVQKASYDLFLNS----------GDAPQPTDGEGIMGVFQSVFPIKDFNETAVLEFVSYELEAPKYDVEECQARDMTYSAPLKVKLRLIVFDINEDTGAKSVKGIKEQDVFMGDMPLMTPNGTFVVNGTERVIVSQMHRSPGVFFDHDKGKTHASGKLLFACRIIPYRGSWLDFEFDAKDIVFARIDRRRKLPVTTLLYALGLDQEAIMD--AYYNTVNYTLEKN	RVSFAKLREPLEVPGLLDVQTDSFEWLIGSPRWRESAAERGDV-NPVGG--LEEVLYELSPIEDFSGSMSLSFSDPRFDDVKAPVDECKDKDMTYAAPLFVTAEFI----NNNTGE-----IKSQTVFMGDFPMMTEKGTFIINGTERVVVSQLVRSPGVYFDETIDKS--TDKTLHSVKVIPSRGAWLEFDVDKRDTVGVRIDRKRRQPVTVLLKALGWTSEQIVERFGFSEIMRSTLEKD
297_NODE_1_length_26932_11	gb|CAG39568.1|ARO:3003287|Staphylococcus	gb|CAG39568.1|ARO:3003287|Staphylococcus aureus rpoB mutants conferring resistance to daptomycin [Staphylococcus aureus subsp. aureus MRSA252] 	0.0	516	61.822	193	1707	80	444	955	379	894	DIVACIKALVELRDGKGEVDDIDHLGNRRVRSVGELMENQYRVGLLRMERAIKERMSSVEIDTVMPQDLINAKPAAAAVREFFGSSQLSQFMDQTNPLSEVSHKRRLSALGPGGLTRERAGFEVRDVHPTHYGRMCPIETPEGPNIGLINNLATFARVNKYGFIETPYRRVE--GGKVTDDVKYMSATEEMRHTVAQANANLDESGMFVNDMVNTRQSGEYTLAPRDAVDLIDVSPKQLVSVAASLIPFLENDDANRALMGSNMQKQAVPLLRAEAPLVGTGIEGKVAVDSGAAIQARRAGVIDQVDATRIVIRATADLS-VGDPG-VDIYRMRKFQRSNQNTCINQRPLVKVGQEVQKGEVIADGPSTDMGELALGKNVVVAFMPWNGYNYEDSILISERIAADDVFTSIHIEEFEVAARDTKLGPEEITRDIPNVGEEALRNLDEAGIVYIGAHVEPGDILVGKITPKGESPMTPEEKLLRAIFGEKASDVRDTSLRVKPGDYGTVVEVRVFNR	DIIASMSYFFNLLSGIGYTDDIDHLGNRRLRSVGELLQNQFRIGLSRMERVVRERMSIQDTESITPQQLINIRPVIASIKEFFGSSQLSQFMDQANPLAELTHKRRLSALGPGGLTRERAQMEVRDVHYSHYGRMCPIETPEGPNIGLINSLSSYARVNEFGFIETPYRKVDLDTHAITDQIDYLTADEEDSYVVAQANSKLDENGRFMDDEVVCRFRGNNTVMAKEKMDYMDVSPKQVVSAATACIPFLENDDSNRALMGANMQRQAVPLMNPEAPFVGTGMEHVAARDSGAAITAKHRGRVEHVESNEILVRRLVEENGVEHEGELDRYPLAKFKRSNSGTCYNQRPIVAVGDVVEFNEILADGPSMELGEMALGRNVVVGFMTWDGYNYEDAVIMSERLVKDDVYTSIHIEEYESEARDTKLGPEEITRDIPNVSESALKNLDDRGIVYIGAEVKDGDILVGKVTPKGVTELTAEERLLHAIFGEKAREVRDTSLRVPHGAGGIVLDVKVFNR
297_NODE_1_length_26932_11	gb|CAG39568.1|ARO:3003287|Staphylococcus	gb|CAG39568.1|ARO:3003287|Staphylococcus aureus rpoB mutants conferring resistance to daptomycin [Staphylococcus aureus subsp. aureus MRSA252] 	6.359999999999999e-92	313	53.035	92	813	80	1064	1375	890	1148	KVEKVRRGDD-LPPGVMKMVKVFIAVKRKLQPGDKMAGRHGNKGVVSRVVPVEDMPFLGDGTPVDFCLNPLGVPSRMNVGQILETHMGWAARGLGIRIDDALADYSRSGDLTPVRDAMKHAYGEDVYDEGIGGMDETALIEAASNVTRGVPIATPVFDGAKEPEVNDALKRAGFDQSGQSVLYDGRTGEQFARKVTVGVKYLLKLHHLVDDKIHARSTGPYSLVTQQPLGGKAQFGGQRFGEMEVWALEAYGAAYTLQEMLTVKSDDVAGRTKVYESIVKGEDNFEAGVPESFNVLVKEVRGLGLNMELLDSE	KVFNREEGDDTLSPGVNQLVRVYIVQKRKIHVGDKMCGRHGNKGVISKIVPEEDMPYLPDGRPIDIMLNPLGVPSRMN----------------------------------------------------IGQVLELHLGMAAKNL--GIHVASPVFDGANDDDVWSTIEEAGMARDGKTVLYDGRTGEPFDNRISVGVMYMLKLAHMVDDKLHARSTGPYSLVTQQPLGGKAQFGGQRFGEMEVWALEAYGAAYTLQEILTYKSDDTVGRVKTYEAIVKGENISRPSVPESFRVLMKELQSLGLDVKVMDEQ
297_NODE_1_length_26932_11	gb|CAG39568.1|ARO:3003287|Staphylococcus	gb|CAG39568.1|ARO:3003287|Staphylococcus aureus rpoB mutants conferring resistance to daptomycin [Staphylococcus aureus subsp. aureus MRSA252] 	1.6000000000000002e-59	222	50.901	85	554	80	7	226	9	208	GQKRLRKYYGKIREVLEMPNLIEVQKASYDLFLNSGDAPQPTDGEGIMGVFQSVFPIKDFNETAVLEFVSYELEAPKYDVEECQARDMTYSAPLKVKLRLIVFDINEDTGAKSVKGIKEQDVFMGDMPLMTPNGTFVVNGTERVIVSQMHRSPGVFFDHDKGKTHASGKLLFACRIIPYRGSWLDFEFDAKDIVFARIDRRRKLPVTTLLYALGL--DQEAI	GRHRKRRNYARISEVLELPNLIEIQTKSYEWFLR----------EGLIEMFRDISPIEDFTGNLSLEFVDYRLGEPKYDLEESKNRDATYAAPLRVKVRLIIKETGE---------VKEQEVFMGDFPLMTDTGTFVINGAERVIVSQLVRSPSVYFNE---KIDKNGRENYDATIIPNRGAWLEYETDAKDVVYVRIDRTRKLPLTVLLRALGFSSDQEIV
297_NODE_1_length_26932_11	gb|CAG39568.1|ARO:3003287|Staphylococcus	gb|CAG39568.1|ARO:3003287|Staphylococcus aureus rpoB mutants conferring resistance to daptomycin [Staphylococcus aureus subsp. aureus MRSA252] 	2.47e-16	66	53.03	31	190	80	366	431	216	281	YIRNTMAADKNMNRDGALMDIYRVMRPGEPPTVEAASTLFDQLFFDSERYDLSAVGRVKMNMRLNL	YLRNTLEKDGTENTEQALLEIYERLRPGEPPTVENAKSLLYSRFFDPKRYDLASVGRYKTNKKLHL
297_NODE_1_length_26932_11	gb|CAG39568.1|ARO:3003285|Staphylococcus	gb|CAG39568.1|ARO:3003285|Staphylococcus aureus rpoB mutants conferring resistance to rifampicin [Staphylococcus aureus subsp. aureus MRSA252] 	0.0	516	61.822	193	1707	80	444	955	379	894	DIVACIKALVELRDGKGEVDDIDHLGNRRVRSVGELMENQYRVGLLRMERAIKERMSSVEIDTVMPQDLINAKPAAAAVREFFGSSQLSQFMDQTNPLSEVSHKRRLSALGPGGLTRERAGFEVRDVHPTHYGRMCPIETPEGPNIGLINNLATFARVNKYGFIETPYRRVE--GGKVTDDVKYMSATEEMRHTVAQANANLDESGMFVNDMVNTRQSGEYTLAPRDAVDLIDVSPKQLVSVAASLIPFLENDDANRALMGSNMQKQAVPLLRAEAPLVGTGIEGKVAVDSGAAIQARRAGVIDQVDATRIVIRATADLS-VGDPG-VDIYRMRKFQRSNQNTCINQRPLVKVGQEVQKGEVIADGPSTDMGELALGKNVVVAFMPWNGYNYEDSILISERIAADDVFTSIHIEEFEVAARDTKLGPEEITRDIPNVGEEALRNLDEAGIVYIGAHVEPGDILVGKITPKGESPMTPEEKLLRAIFGEKASDVRDTSLRVKPGDYGTVVEVRVFNR	DIIASMSYFFNLLSGIGYTDDIDHLGNRRLRSVGELLQNQFRIGLSRMERVVRERMSIQDTESITPQQLINIRPVIASIKEFFGSSQLSQFMDQANPLAELTHKRRLSALGPGGLTRERAQMEVRDVHYSHYGRMCPIETPEGPNIGLINSLSSYARVNEFGFIETPYRKVDLDTHAITDQIDYLTADEEDSYVVAQANSKLDENGRFMDDEVVCRFRGNNTVMAKEKMDYMDVSPKQVVSAATACIPFLENDDSNRALMGANMQRQAVPLMNPEAPFVGTGMEHVAARDSGAAITAKHRGRVEHVESNEILVRRLVEENGVEHEGELDRYPLAKFKRSNSGTCYNQRPIVAVGDVVEFNEILADGPSMELGEMALGRNVVVGFMTWDGYNYEDAVIMSERLVKDDVYTSIHIEEYESEARDTKLGPEEITRDIPNVSESALKNLDDRGIVYIGAEVKDGDILVGKVTPKGVTELTAEERLLHAIFGEKAREVRDTSLRVPHGAGGIVLDVKVFNR
297_NODE_1_length_26932_11	gb|CAG39568.1|ARO:3003285|Staphylococcus	gb|CAG39568.1|ARO:3003285|Staphylococcus aureus rpoB mutants conferring resistance to rifampicin [Staphylococcus aureus subsp. aureus MRSA252] 	6.359999999999999e-92	313	53.035	92	813	80	1064	1375	890	1148	KVEKVRRGDD-LPPGVMKMVKVFIAVKRKLQPGDKMAGRHGNKGVVSRVVPVEDMPFLGDGTPVDFCLNPLGVPSRMNVGQILETHMGWAARGLGIRIDDALADYSRSGDLTPVRDAMKHAYGEDVYDEGIGGMDETALIEAASNVTRGVPIATPVFDGAKEPEVNDALKRAGFDQSGQSVLYDGRTGEQFARKVTVGVKYLLKLHHLVDDKIHARSTGPYSLVTQQPLGGKAQFGGQRFGEMEVWALEAYGAAYTLQEMLTVKSDDVAGRTKVYESIVKGEDNFEAGVPESFNVLVKEVRGLGLNMELLDSE	KVFNREEGDDTLSPGVNQLVRVYIVQKRKIHVGDKMCGRHGNKGVISKIVPEEDMPYLPDGRPIDIMLNPLGVPSRMN----------------------------------------------------IGQVLELHLGMAAKNL--GIHVASPVFDGANDDDVWSTIEEAGMARDGKTVLYDGRTGEPFDNRISVGVMYMLKLAHMVDDKLHARSTGPYSLVTQQPLGGKAQFGGQRFGEMEVWALEAYGAAYTLQEILTYKSDDTVGRVKTYEAIVKGENISRPSVPESFRVLMKELQSLGLDVKVMDEQ
297_NODE_1_length_26932_11	gb|CAG39568.1|ARO:3003285|Staphylococcus	gb|CAG39568.1|ARO:3003285|Staphylococcus aureus rpoB mutants conferring resistance to rifampicin [Staphylococcus aureus subsp. aureus MRSA252] 	1.6000000000000002e-59	222	50.901	85	554	80	7	226	9	208	GQKRLRKYYGKIREVLEMPNLIEVQKASYDLFLNSGDAPQPTDGEGIMGVFQSVFPIKDFNETAVLEFVSYELEAPKYDVEECQARDMTYSAPLKVKLRLIVFDINEDTGAKSVKGIKEQDVFMGDMPLMTPNGTFVVNGTERVIVSQMHRSPGVFFDHDKGKTHASGKLLFACRIIPYRGSWLDFEFDAKDIVFARIDRRRKLPVTTLLYALGL--DQEAI	GRHRKRRNYARISEVLELPNLIEIQTKSYEWFLR----------EGLIEMFRDISPIEDFTGNLSLEFVDYRLGEPKYDLEESKNRDATYAAPLRVKVRLIIKETGE---------VKEQEVFMGDFPLMTDTGTFVINGAERVIVSQLVRSPSVYFNE---KIDKNGRENYDATIIPNRGAWLEYETDAKDVVYVRIDRTRKLPLTVLLRALGFSSDQEIV
297_NODE_1_length_26932_11	gb|CAG39568.1|ARO:3003285|Staphylococcus	gb|CAG39568.1|ARO:3003285|Staphylococcus aureus rpoB mutants conferring resistance to rifampicin [Staphylococcus aureus subsp. aureus MRSA252] 	2.47e-16	66	53.03	31	190	80	366	431	216	281	YIRNTMAADKNMNRDGALMDIYRVMRPGEPPTVEAASTLFDQLFFDSERYDLSAVGRVKMNMRLNL	YLRNTLEKDGTENTEQALLEIYERLRPGEPPTVENAKSLLYSRFFDPKRYDLASVGRYKTNKKLHL
291_RNODE_11_length_104062_43	gb|CCP44244.1|ARO:3003393|Mycobacterium	gb|CCP44244.1|ARO:3003393|Mycobacterium tuberculosis inhA mutations conferring resistance to isoniazid [Mycobacterium tuberculosis H37Rv] 	1.66e-25	281	29.537	155	237	94	1	253	1	266	MSGLMAGKRGLIMGLANDKSLAWGIAKELADQGAEIAFS-YQGEALKKRVE---PLAAQLGSDFVFECDVSDMDALDRAFDSLKERW---ETIDFVVHAIGFSDKNELR-GKYVDTSLDNFLMTMNISAYSLVAVAKRAADMMPEGGSILTLTYYGAEKVIPHYNVMGVAKAALETSVQYLANDLGPKNIRVNAISAGPIKTLAASGI-------------------GDFRYILKWNELN-SPLRRNVTIEDVGGAGLYLLSRLSSGVTGETHHVDAGYHV	MTGLLDGKRILVSGIITDSSIAFHIARVAQEQGAQLVLTGFDRLRLIQRITDRLPAKAPL-----LELDVQNEEHLASLAGRVTEAIGAGNKLDGVVHSIGFMPQTGMGINPFFDAPYADVSKGIHISAYSYASMAKALLPIMNPGGSIVGMDF-DPSRAMPAYNWMTVAKSALESVNRFVAREAGKYGVRSNLVAAGPIRTLAMSAIVGGALGEEAGAQIQLLEEGWDQRAPIGWNMKDATPVAKTVC---------ALLSDWLPATTGDIIYADGGAHT
291_RNODE_11_length_104062_43	gb|AAC74177.1|ARO:3004049|antibiotic	gb|AAC74177.1|ARO:3004049|antibiotic resistant fabG [Escherichia coli str. K-12 substr. MG1655] 	6.13e-07	249	22.892	182	99	93	7	254	5	244	GKRGLIMGLANDKSLAWGIAKELADQGAEIAFSYQGEALKKRVEPLAAQLGSDFVFECDVSDMDALDRAFDSLKERWETIDFVVHAIGFSDKNELRGKYVDTSLDNFLMTMNISAYSLVAVAKRAADMMPEGGSILTL-TYYGAEKVIPHYNVMGVAKAALETSVQYLANDLGPKNIRVNAISAGPIKTLAASGIGDFRYILKWNELNSPLRRNVTIEDVGGAGLYLLSRLSSGVTGETHHVDAGYHVV	GKIALVTGAS--RGIGRAIAETLAARGAKVIGTATSENGAQAISDYLGANGKGLML--NVTDPASIESVLEKIRAEFGEVDILVNNAGITRDNLLM-RMKDEEWNDIIET-NLSSVFRLSKAVMRAMMKKRHGRIITIGSVVGTMGNGGQAN-YAAAKAGLIGFSKSLAREVASRGITVNVVAPGFIETDMTRALSDDQRAGILAQV--PAGRLGGAQEIANAVAFLASDEAAYITGETLHVNGGMYMV
297_RNODE_13_length_755597_691	gb|AGQ48857.1|ARO:3003761|eatAv	gb|AGQ48857.1|ARO:3003761|eatAv [Enterococcus faecium] 	1.34e-19	242	25.62	158	210	87	308	537	4	235	VNMEGAAVGYD--GVPVLSKLSLRIDQDDRIALLGKNGQGKSTLSKLLAGRLPALSGRVVSASKLRIGYFAQHQMDELYPDETPIEHLRRLRPGESPSQLRARLSGFGLMAEQAETV---VARLSGGQKARLTLLIATIDAPHMLILDEPTNHLDIESREALVEALTEYSGAVILVSHDMHLLSMVADRLWLVKDGRVAPFDEDLEAYR-------KLLLASDAPAKPQVEAPKPKRASKDE	IEIKNLTFGYDSQGTLLFEQANLNFDTQWKLGLIGRNGRGKTTLLNILQNKLP-YQGQVIHQQEF--AYFPQQTKDKERLTYYVLNDITDFEIWEIERELQ-------LMQTDPEILWREFSTLSGGEKTKVLLALLFVDDTHFPLIDEPTNHLDISGRKQVAAYLKKKKQGFIVVSHDRGFIDEVVDHVLAIEKSQLELYQGNFSIYEEQKKLRDEFEMAQNEKLKKEVSRLKKTAAEKAE
297_RNODE_13_length_755597_691	gb|AGQ48857.1|ARO:3003761|eatAv	gb|AGQ48857.1|ARO:3003761|eatAv [Enterococcus faecium] 	1.61e-07	217	22.581	134	111	87	1	215	314	498	MLKIEDISYSVEGRPLIDHASAVIPEGHKVGLVGRNGTGKTTLFRLIRGELVFET-GSVSMPKGARIGGVAQEAPASDVSLIDTVLAADTERAALMAEVTDDPGRIADI-QTRLTDIDAWSAEARAASILKGLGFDDPDQARPCSDFSGGWRMRVALAAVLFSEPDLLLLDEPTNYLDLEGALWLESYLAKYPHTVIVISHDRGLLNRAVGSILHLE	LLSVEDLQLGYEN-LLFEPIHFTIEPHQRVAISGPNGAGKSSIIHYLLGAFNGKVIGEKYQPKHLSISYASQNYE-------------------------DNRGTLAEFAEKNQVDYQAF------LNNLRKLGMERDVFHNKIEQMSMGQRKKVELAKSLSQPAELYIWDEPLNYLDVFNQEQLEQLILNVKPAMLLVEHDQTFLDKVSTEIISLE
297_RNODE_13_length_755597_598	gb|AAC74370.1|ARO:3004045|antibiotic	gb|AAC74370.1|ARO:3004045|antibiotic resistant fabI [Escherichia coli str. K-12 substr. MG1655] 	0.000522	105	27.619	64	76	39	6	101	4	105	LPASRYWIVGASEGLGRA--LAEALDARGASLIVSARSED---RLKELAGSLRDAVAIAVDVTDPASV----AEAAEKAGQFDGMIYSVGAYEPTKATEWNGDAV	LSGKRILVTGVASKLSIAYGIAQAMHREGAELAFTYQNDKLKGRVEEFAAQLGSDIVLQCDVAEDASIDTMFAELGKVWPKFDGFVHSIG-FAP--GDQLDGDYV
297_RNODE_13_length_755597_176	gb|AAF40852.1|ARO:3003937|Neisseria	gb|AAF40852.1|ARO:3003937|Neisseria meningititis PBP2 conferring resistance to beta-lactam [Neisseria meningitidis MC58] 	1.49e-56	537	30.726	317	493	84	49	551	31	546	LLVLAALFFCAFITVGIRMGMLSATEPMEPRAQAGGSQIV------ATRGDIVDRNGNLLATNLLTHALYAQPPMMVDPERAAK-----ELVAIFPDLEEEKLISNFTGKRKFLWIKKKISPEQLQAVHDIGEPGLLFAPREMRLYPNGAIASHVMGGARFGNEGVNAAELV------GTAGIERALNDR-------LSDPA----QAGEPLQLSLDLTVQAAVEQVLAGGMQMMGAKGAAAVLMDVHTGEIISIASLPDFDPNDRPNPLTQGHPSDSPLFNRAVQGVYELGSTFKIFASAQALELGLVTPDTMIDSRGPIVWGRHKINDFHDYGAQLSVSDVIIRSSNIGTANLAKMIGVSRQQQFLDSLGFFQPTPVELIEA-SGAKPLLPPNWSELSTI---TISYGHGLSASPLHLASAYSAIVNGGTRVTPTLLRNPNPAPGPRVVSERTSAQSREMLRQVVSAPHGTASFAEVPGYNVGGKTGTANKPRPTGGYYDDKVIGTFASVFPANDPKYVLTVSLDE--AQIYMAG	VLMAIAVLFAGLIARGLYLQTVTYNFLKE----QGDNRIVRTQTLPATRGTVSDRNGAVLALSAPTESLFAVPKEMKEMPSAAQLERLSELVDVPVDVLRNKLEQK---GKSFIWIKRQLDPKVAEEVKALGLENFVFEKELKRHYPMGNLFAHVIGFTDIDGKGQEGLELSLEDSLHGEDGAEVVLRDRQGNIVDSLDSPRNKAPKNGKDIILSLDQRIQTLAYEELNKAVEYHQAKAGTVVVLDARTGEILALANTPAYDPN-RP-----GRADSEQRRNRAVTDMIEPGSAIKPFVIAKALDAGKTDLNERLNTQ-PYKIGPSPVRDTHVY-PSLDVRGIMQKSSNVGTSKLSARFGAEEMYDFYHELGI----GVRMHSGFPGETAGLLRNWRRWRPIEQATMSFGYGLQLSLLQLARAYTALTHDGVLLPVSFEKQAVAPQGKRIFKESTAREVRNLMVS-VTEPGGTGTAGAVDGFDVGAKTGTARK-FVNGRYADNKHIATFIGFAPAKNPRVIVAVTIDEPTAHGYYGG
297_RNODE_13_length_755597_176	gb|AAC22787.1|ARO:3004446|Haemophilus	gb|AAC22787.1|ARO:3004446|Haemophilus influenzae PBP3 conferring resistance to beta-lactam antibiotics [Haemophilus influenzae Rd KW20] 	8.88e-50	505	27.525	326	445	81	86	569	86	571	QIVATRGDIVDRNGNLLATNLLTHALYAQPPMMVDPERAA-KELVAIFPD---LEEEKLISNFTGKRK--FLWIKKKISPEQLQAVHDIGEPGLLFAPREMRLYPNGAIASHVMGGARFGNEGVNAAE------LVGTAGIERALNDR-------LSDPAQA-GEPLQLSLDLTVQAAVEQVLAGGMQMMGAKGAAAVLMDVHTGEIISIASLPDFDPNDRPNPLTQGHPSDSPLFNRAVQGVYELGSTFKIFASAQALELGLVTPDTMIDSRGPIVWGRHKINDFHDYGAQLSVSDVIIRSSNIGTANLAKMIGVSRQQQFLDSLGFFQPTPVELI-EASGAKPLLPPNWSELSTITISYGHGLSASPLHLASAYSAIVNGGTRVTPTLLRNPNPAPGPRVVSERTSAQSREMLRQVVSAPHGTASFAEVPGYNVGGKTGTANKPRPTGGYYDDKVIGTFASVFPANDPKYVLTVSLDEAQIYMAGEMRRTAGYTAVPVAAEII	EVLSVRGSILDRNGQLLSVSVPMSAIVADPKTMLKENSLADKERIAALAEELGMTENDLVKKIEKNSKSGYLYLARQVELSKANYIRRLKIKGIILETEHRRFYPRVEEAAHVVGYTDIDGNGIEGIEKSFNSLLVGKDGSRTVRKDKRGNIVAHISDEKKYDAQDVTLSIDEKLQSMVYREIKKAVSENNAESGTAVLVDVRTGEVLAMATAPSYNPNNRVGVKSE------LMRNRAITDTFEPGSTVKPFVVLTALQRGVVKRDEIIDTTSFKLSGKEIVDVAPR--AQQTLDEILMNSSNRGVSRLALRMPPSALMETYQNAGLSKPTDLGLIGEQVGILNANRKRWADIERATVAYGYGITATPLQIARAYATLGSFGVYRPLSITKVDPPVIGKRVFSEKITKDIVGILEKVAIKNKR----AMVEGYRVGVKTGTARKIE--NGHYVNKYVAFTAGIAPISDPRYALVVLINDPK---AGEY--YGGAVSAPVFSNIM
297_RNODE_13_length_755597_176	gb|AFC91898.1|ARO:3003043|Streptococcus	gb|AFC91898.1|ARO:3003043|Streptococcus pneumoniae PBP2x conferring resistance to amoxicillin [Streptococcus pneumoniae] 	2.16e-22	591	23.012	351	235	85	44	548	23	595	RAEGRLLVLAALF--------FCAFITVGIRMGMLSATEPMEPRAQAGGSQIVATRGDIVDRNGNLLATNLLTHALYA----------QPPMMVDPERAAK--ELVAIFPDLEEE-----------KLIS-----NFTGKRKFLWIKKKISPEQLQAVHDIGEPGLLFAPREMRLYPNGAIASHVMGGARFGNEGVNAAELVGTAGIERALN--------------DRL----------SDPAQAGEPLQLSLDLTVQAAVEQVLAGGMQMMGAKGAAAVLMDVHTGEIISIASLPDFDPNDRPNPLTQGHPSDSPLFNRAVQGVYELGSTFKIFASAQALELGLVTPDTMIDSR----GPIVWGRHKINDFHDYGAQLSVSDVIIRSSNIGTANLAKMIGVSRQQQFLDSLGFFQPTPVELIEASGAKPLLPPNWSELSTITISYGHGLSASPLHLASAYSAIVNGGTRVTPTLLR---NPNPAPGPRV--------VSERTSAQSREMLRQVVSAP-------HGTAS-FAEVPGYNVGGKTGTAN-KPRPTGGYYD--DKVIGTFASVFPANDPKYVLTVSLDEAQIY	RRVGKSLSLLSVFVFAIFLVNFAVIIGTGTRFGTDLAKEA--KKVHQTTRTVPAKRGTIYDRNGVPIAEDATSYNVYAVIDENYKSATGKILYVEKTQFNKVAEVFHKYLDMEESYVREQLSQPNLKQVSFGAKGNGITYANMMSIKKELETAEVK--------GIDFTTSPNRSYPNGQFASSFIGLAQLHENEDGSKSLLGTSGMESSLNSILAGKDGIITYEKDRLGNVVPGTEQVSQQTVDGKDVYTTISSTLQSFMETQMNAFQEKVKGKYMTATLVSAKTGEILATTQRPTFDADTK-----EGLTKDFVWRDILYQSNYEPGSPMKVMTLAASIDNNTFPGGEYFNSSELKIADVTIRDWDVNESLTGGGMMTFSQGFAHSSNVGMTLLEQKMGDATWLDYLNRFKFGVPTRFGLTDEYAGQ--LPAD-NIVNIAQSSFGQGISVTQTQMIRAFTAIANDGVMLEPKFISAIYDPNDQTARKSQKEVVGNPVSKDAASLTRTNMILVGTDPVYGTMYNHSTGKPTVTVPGQNVALKSGTAQIADEKNGGYLVGLTNYIFSAVSMNPAENPDFILYVTVQQPEHY
297_RNODE_13_length_755597_176	gb|AAB52541.1|ARO:3004833|Neisseria	gb|AAB52541.1|ARO:3004833|Neisseria gonorrhoea PBP1 conferring resistance to beta-lactam [Neisseria meningitidis] 	2.05e-12	244	27.049	128	152	37	290	508	438	656	LTQGHPSDSPLFNRAVQGVYELGSTFKIFASAQALELGLVTPDTMIDS------RGP--IVWGRHKINDFHDYGAQLSVSDVIIRSSNIGTANLAKMIGVSRQQQFLDSLGFFQPTPVELIEASGAKPLLPPNWSEL-STITISYGHGLSASPLHLASAYSAIVNGGTRVTPTLLRNPNPAPG---------------PRVVSERTSAQSREMLRQVVSAPHGTASFAEVPG-YNVGGKTGTAN	LVGGYDFHSKTFNRAVQAMRQPGSTFKPFVYSAALSKGMTASTVVNDAPISLPGKGPNGSVWTPK--NSDGRYSGYITLRQALTASKNMVSIRILMSIGVGYAQQYIRRFGF--------------------RSSELPASLSMALGTG-ETTPLKVAEAYSVFANGGYRVSSHVIDKIYDRDGRLRAQMQPLVAGQNAPQAIDPRNAYIMYKIMQDVVRV--GTARGAAALGRTDIAGKTGTTN
297_RNODE_13_length_755597_176	gb|AFC91828.1|ARO:3003041|Streptococcus	gb|AFC91828.1|ARO:3003041|Streptococcus pneumoniae PBP1a conferring resistance to amoxicillin [Streptococcus pneumoniae] 	1.1e-05	263	25.856	150	96	42	261	508	330	562	AAVLMDVHTGEIISIASLPDFDPNDRPNPLTQGHPSDSPLF--NRAVQGVYELGSTFK-IFASAQALELGLVTPDTMIDSRGPIVW-GRHK--INDFHDYGAQLSVSDVIIRSSNIGTANLAKMIGVSRQQQFLDSLGFFQPTPVELIEASGAKPLLPPNWSELSTITISYGHGLSASPLHLASAYSAIVNGGTRVTPTLLR---------NPNPAPGPRVVSERTSAQSREMLRQVVSAPHGTASFAEVPGYNVGGKTGTAN	ASTIVDVSNGKVIA--------------QLGARHQSSNVSFGINQAVETNRDWGSTMKPITDYAPALEYGVYDSTATIVHDEPYNYPGTNTPVYNWDRGYFGNITLQYALQQSRNVPAVETLNKVGLNRAKTFLNGLGIDYPS----IHYSNA----------ISSNTTESDKKYGASSEKMAAAYAAFANGGTYYKPMYIHKVVFSDGSEKEFSNVGTRAMKETTAYMMTDMMKTVLS--YGTGRNAYLAWLPQAGKTGTSN
297_RNODE_13_length_755597_176	gb|AAL00321.1|ARO:3003042|Streptococcus	gb|AAL00321.1|ARO:3003042|Streptococcus pneumoniae PBP2b conferring resistance to amoxicillin [Streptococcus pneumoniae R6] 	4.85e-05	258	21.705	158	90	38	229	456	310	553	GEPLQLSLDLTVQAAVEQVLAG----GMQMMGAK---GAAAVLMDVHTGEIISIASLPDFDPNDRPNPLTQGHPSDSPLFNRAVQGVYELGSTFKIFASAQALELGLVTPDTMIDSRGPIVWGRHKINDFHD--YGAQ-LSVSDVIIRSSN--------------------IGTANLAKMIGVSRQQQFLDSLGFFQPTPVELIEASGAKPLLPPNWSELSTITISYGHGLSASPLHLASAYSAIVNGGTRVTPTLLR	GNNIKLTIDLAFQDSVDALLKSYFNSELENGGAKYSEGVYAVALNPKTGAVLSMSGIK--------HDLKTGELTPDSL--GTVTNVFVPGSVVKAATISSGWENGVLSGNQTLTDQSIVFQGSAPINSWYTQAYGSFPITAVQALEYSSNTYMVQTALGLMGQTYQPNMFVGTSNLES--AMEKLRSTFGEYGLGTATGIDLPDESTG--FVPKEYSFANYITNAFGQFDNYTPMQLAQYVATIANNGVRVAPRIVE
291_RNODE_11_length_104062_56	gb|AAC74370.1|ARO:3004045|antibiotic	gb|AAC74370.1|ARO:3004045|antibiotic resistant fabI [Escherichia coli str. K-12 substr. MG1655] 	2.6e-13	252	26.19	168	147	96	5	242	4	251	LRGKRALVTGAAR--GIGFAIAQRLADEGAEVLL---NGRDGDALADAAARIGDRAQAMPFDIADDAATAAAFGRLSE--GGLDILVNNVG-----QRDRRPLDELARADMAALLAVNLVAPFDLARRAAAIMKPRGFGRIVNITSIAAD--IARGDVLYTASKGGLAALTRALAAELGGSGITVNSVAPGYFATEANADMVADQDVAAHLQRRTSLGRWGQPDEVAGAVAYLVSDDAAYVTGHSLAVDGGY	LSGKRILVTGVASKLSIAYGIAQAMHREGAELAFTYQNDKLKGRVEEFAAQLGSDI-VLQCDVAEDASIDTMFAELGKVWPKFDGFVHSIGFAPGDQLDGDYVNAVTREGFKIAHDISSYSFVAMAKACRSMLNPGS--ALLTLSYLGAERAIPNYNVMGLA-KASLEANVRYMANAMGPEGVRVNAISAGPIRTLAASGIKDFRKMLAHCEAVTPIRRTVTIEDVGNSAAFLCSDLSAGISGEVVHVDGGF
291_RNODE_11_length_104062_56	gb|CCP44244.1|ARO:3003393|Mycobacterium	gb|CCP44244.1|ARO:3003393|Mycobacterium tuberculosis inhA mutations conferring resistance to isoniazid [Mycobacterium tuberculosis H37Rv] 	7.63e-12	272	27.941	156	137	98	1	241	1	263	MSDRLRGKRALVTGAA--RGIGFAIAQRLADEGAEVLLNGRDGDALADAAARIGDRAQA----MPFDIADDAATAAAFGRLSE-----GGLDILVNNVGQRDR-----RPLDELARADMAALLAVNLVAPFDLARRAAAIMKPRGFGRIVNITSIAADIARGDVLY---TASKGGLAALTRALAAELGGSGITVNSVAPGYFATEANADMVAD---QDVAAHLQ-------RRTSLGRWGQPD--EVAGAVAYLVSDDAAYVTGHSLAVDGG	MTGLLDGKRILVSGIITDSSIAFHIARVAQEQGAQLVLTGFDRLRLIQ---RITDRLPAKAPLLELDVQNEEHLASLAGRVTEAIGAGNKLDGVVHSIGFMPQTGMGINPFFDAPYADVSKGIHISAYSYASMAKALLPIMNPGG-----SIVGMDFDPSRAMPAYNWMTVAKSALESVNRFVAREAGKYGVRSNLVAAGPIRTLAMSAIVGGALGEEAGAQIQLLEEGWDQRAPIG-WNMKDATPVAKTVCALLSDWLPATTGDIIYADGG
278_RNODE_13_length_6693_7	gb|AAO82599.1|ARO:3003792|Enterococcus	gb|AAO82599.1|ARO:3003792|Enterococcus faecalis liaR mutant conferring daptomycin resistance [Enterococcus faecalis V583] 	9.04e-10	61	45.902	33	111	59	32	92	143	203	PELLNSLTRRQLLVLERMSKGESNKQIAYNLNIAETTVKAHVSAILRKLGVHNRVQAILSA	PVLHEDLTNREHEILMLIAQGKSNQEIADELFITLKTVKTHVSNILAKLDVDDRTQAAIYA
278_RNODE_13_length_6693_7	gb|CDJ73205|ARO:3003893|Escherichia	gb|CDJ73205|ARO:3003893|Escherichia coli UhpA with mutation conferring resistance to fosfomycin [Escherichia coli str. K-12 substr. MC4100] 	3.24e-07	52	36.538	33	92	50	36	87	136	187	NSLTRRQLLVLERMSKGESNKQIAYNLNIAETTVKAHVSAILRKLGVHNRVQ	DPLTKRERQVAEKLAQGMAVKEIAAELGLSPKTVHVHRANLMEKLGVSNDVE
297_RNODE_18_length_68502_29	gb|AAC74370.1|ARO:3004045|antibiotic	gb|AAC74370.1|ARO:3004045|antibiotic resistant fabI [Escherichia coli str. K-12 substr. MG1655] 	2.6e-13	252	26.19	168	147	96	5	242	4	251	LRGKRALVTGAAR--GIGFAIAQRLADEGAEVLL---NGRDGDALADAAARIGDRAQAMPFDIADDAATAAAFGRLSE--GGLDILVNNVG-----QRDRRPLDELARADMAALLAVNLVAPFDLARRAAAIMKPRGFGRIVNITSIAAD--IARGDVLYTASKGGLAALTRALAAELGGSGITVNSVAPGYFATEANADMVADQDVAAHLQRRTSLGRWGQPDEVAGAVAYLVSDDAAYVTGHSLAVDGGY	LSGKRILVTGVASKLSIAYGIAQAMHREGAELAFTYQNDKLKGRVEEFAAQLGSDI-VLQCDVAEDASIDTMFAELGKVWPKFDGFVHSIGFAPGDQLDGDYVNAVTREGFKIAHDISSYSFVAMAKACRSMLNPGS--ALLTLSYLGAERAIPNYNVMGLA-KASLEANVRYMANAMGPEGVRVNAISAGPIRTLAASGIKDFRKMLAHCEAVTPIRRTVTIEDVGNSAAFLCSDLSAGISGEVVHVDGGF
297_RNODE_18_length_68502_29	gb|CCP44244.1|ARO:3003393|Mycobacterium	gb|CCP44244.1|ARO:3003393|Mycobacterium tuberculosis inhA mutations conferring resistance to isoniazid [Mycobacterium tuberculosis H37Rv] 	7.63e-12	272	27.941	156	137	98	1	241	1	263	MSDRLRGKRALVTGAA--RGIGFAIAQRLADEGAEVLLNGRDGDALADAAARIGDRAQA----MPFDIADDAATAAAFGRLSE-----GGLDILVNNVGQRDR-----RPLDELARADMAALLAVNLVAPFDLARRAAAIMKPRGFGRIVNITSIAADIARGDVLY---TASKGGLAALTRALAAELGGSGITVNSVAPGYFATEANADMVAD---QDVAAHLQ-------RRTSLGRWGQPD--EVAGAVAYLVSDDAAYVTGHSLAVDGG	MTGLLDGKRILVSGIITDSSIAFHIARVAQEQGAQLVLTGFDRLRLIQ---RITDRLPAKAPLLELDVQNEEHLASLAGRVTEAIGAGNKLDGVVHSIGFMPQTGMGINPFFDAPYADVSKGIHISAYSYASMAKALLPIMNPGG-----SIVGMDFDPSRAMPAYNWMTVAKSALESVNRFVAREAGKYGVRSNLVAAGPIRTLAMSAIVGGALGEEAGAQIQLLEEGWDQRAPIG-WNMKDATPVAKTVCALLSDWLPATTGDIIYADGG
297_RNODE_13_length_755597_310	gb|AGQ48857.1|ARO:3003761|eatAv	gb|AGQ48857.1|ARO:3003761|eatAv [Enterococcus faecium] 	5.75e-17	188	26.596	134	188	93	6	191	314	499	LLQLADISLTFGGDPVFSDLSLVVQPGDRVALVGRNGSGKSTLMKVMAGMIEPDQ-GERILSPGVSTGYMEQHPDLSGFATLGDFAASGLPEGEAYKVERVAEGL-KFRLDADVTTASGGERRRAALAKLLAEAPELMLLDEPTNHLDIEAIQWLEDELSSTRAGFVLISHDRAFLRALTRATLWIDR	LLSVEDLQLGYE-NLLFEPIHFTIEPHQRVAISGPNGAGKSSIIHYLLGAFNGKVIGEKYQPKHLSISYASQNYE-DNRGTLAEFAEKNQVDYQAFLNNLRKLGMERDVFHNKIEQMSMGQRKKVELAKSLSQPAELYIWDEPLNYLDVFNQEQLEQLILNVKPAMLLVEHDQTFLDKVSTEIISLER
297_RNODE_13_length_755597_310	gb|AGQ48857.1|ARO:3003761|eatAv	gb|AGQ48857.1|ARO:3003761|eatAv [Enterococcus faecium] 	3.81e-16	315	26.984	184	182	93	283	572	4	297	VEAEGITKSFGER--LILKPFDLKVNRGDRIALVGPNGAGKTTLLKILIGEMAPDAGTVKLGTGLEMAVFDQNRTSLDDGASLWENLAGDPEMRVSGKADQVLVRGNPKHVVGYLKEFLFDERQARAPVSSLSGGEKARLILAKIMAKSSNLLVMDEPTNDLDVETLDLMQELIDDYDGTVLLVSHDRDFLDRVAATTIAMEGDGRAVVYAGGWSDYRAQRAESGEGFLGAPVKAKGETRGEEVVSAPAPKAE----------PKKSGLSFTEKHR-------------LEALPAEMERLEAEIAKLEGLLADAE	IEIKNLTFGYDSQGTLLFEQANLNFDTQWKLGLIGRNGRGKTTLLNILQNKL-PYQGQVIHQQ--EFAYFPQQTKDKERLTYYVLNDITDFEIWEIERELQ-LMQTDP--------EILWRE------FSTLSGGEKTKVLLALLFVDDTHFPLIDEPTNHLDISGRKQVAAYLKKKKQGFIVVSHDRGFIDEVVDHVLAIE-KSQLELYQGNFSIYEEQKKLRDEFEMAQNEKLKKEV--SRLKKTAAEKAEWSRSREGDKTKKQVGFIDTESRRVNKGAVGADAARTMKRSKAIVNRMETQISEKEKLLKDIE
297_RNODE_13_length_755597_139	gb|AGQ48857.1|ARO:3003761|eatAv	gb|AGQ48857.1|ARO:3003761|eatAv [Enterococcus faecium] 	5.48e-09	197	25.381	132	116	78	1	193	1	186	MSLLTATDLSLSFGGQAVL--EHVSIAIEPGEIVTLVGPNGSGKSTLVKTLIGLTAPDAGRITRKPGLRLGYVPQKLPIDATLPMTVARFLNLPKRQPKPQIAQAL--ADTGSQGLEQKQLSALSGGQLQRVVLARALLSEPELLILDEPTQGLDQPGEAAFYQLLERIRDARGCAVFMVSHDLHVVMSASDRVICL	MSKIEIKNLTFGYDSQGTLLFEQANLNFDTQWKLGLIGRNGRGKTTLLNILQN-KLPYQGQVIHQQ--EFAYFPQQTKDKERLTYYV---LNDITDFEIWEIERELQLMQTDPEIL-WREFSTLSGGEKTKVLLALLFVDDTHFPLIDEPTNHLDISGRKQVAAYLKK----KKQGFIVVSHDRGFIDEVVDHVLAI
297_RNODE_13_length_755597_426	gb|AAG04569.1|ARO:3003896|Pseudomonas	gb|AAG04569.1|ARO:3003896|Pseudomonas mutant PhoQ conferring resistance to colistin [Pseudomonas aeruginosa PAO1] 	0.000113	69	37.681	39	88	9	659	723	366	434	RVTLG-RDGEGDARITIADNGIGLP-EDRARLFE--PYVTTRAKGTGLGLPIVKKIIEEHGGTLTLTDA	RVRVGARLGPGYSELWVEDDGPGVPAEQRARIIRRGERADTQHPGQGIGLAVALDIIESYDGELSLDDS
297_RNODE_13_length_755597_427	gb|AAG08162.1|ARO:3003582|basR	gb|AAG08162.1|ARO:3003582|basR [Pseudomonas aeruginosa PAO1] 	8.47e-07	64	32.812	41	100	13	48	111	47	108	LMILDIWLKDSAMDGIDILKAVKRDYPQVPVVIISGHGNIEIAVAAIKQGAYDFIEKPFNIDQL	LLVLDIGLPRRS--GLDILRNLRHQGLLTPVLLLTARDKVADRVAGLDSGADDYLTKPFDLDEL
297_RNODE_13_length_755597_427	gb|CDO13981.1|ARO:3003585|Klebsiella	gb|CDO13981.1|ARO:3003585|Klebsiella mutant PhoP conferring antibiotic resistance to colistin [Klebsiella pneumoniae] 	9.26e-07	108	24.074	80	100	23	4	111	3	108	ILIVDDERDIRELISDILEDEGYNTRLAGTSDEAMAQVKSEPPALMILDIWLKDSAMDGIDILKAVKRDYPQVPVVIISGHGNIEIAVAAIKQGAYDFIEKPFNIDQL	VLVVEDNALLRHHLKVQLQELGHQVDAAEDAREADYYLGEHLPDIAIVDLGLPDE--DGLSLIRRWRSHDVSLPVLVLTAREGWQDKVEVLSAGADDYVTKPFHIEEV
297_RNODE_13_length_755597_427	gb|AFK58562.1|ARO:3003078|Enterococcus	gb|AFK58562.1|ARO:3003078|Enterococcus faecium liaR mutant conferring daptomycin resistance [Enterococcus faecium DO] 	8.49e-05	112	26.786	66	84	22	1	104	1	104	MTDILIVDDERDIRELISDIL---ED-----EGYNTRLAGTSDEAMAQVKSEPPALMILDIWLKDSAMDGIDILKAVKRDYPQVPVVIISGHGNIEIAVAAIKQGAYDFIEK	MIKVLLVDDHEMVRLGVSSYLSIQEDIEVIGEAENGR------QGYEKAMTLRPDVILMDLVMEE--MDGIESTKAILKDWPEAKIIIVTSFIDDEKVYPAIEAGAAGYLLK
297_RNODE_13_length_755597_427	gb|AAO82599.1|ARO:3003792|Enterococcus	gb|AAO82599.1|ARO:3003792|Enterococcus faecalis liaR mutant conferring daptomycin resistance [Enterococcus faecalis V583] 	8.72e-05	59	30.508	39	84	12	46	104	48	104	PALMILDIWLKDSAMDGIDILKAVKRDYPQVPVVIISGHGNIEIAVAAIKQGAYDFIEK	PDVILMDLVMEE--MDGIDSTKAILKDWPEAKIIIVTSFIDDEKVYPAIEAGAAGYLLK
297_RNODE_13_length_755597_219	gb|ACF30254.1|ARO:3000817|mtrR	gb|ACF30254.1|ARO:3000817|mtrR [Neisseria gonorrhoeae NCCP11945] 	1.21e-11	49	53.061	23	137	13	199	247	15	63	ILAAATEAFARYGYRRTSMADVAAEAGMSRAALYLHFKNKEDIFTSLVQ	LMLAALETFYRKGIARTSLNEIAQAAGVTRGALYWHFKNKEDLFDALFQ
297_RNODE_13_length_755597_219	gb|ABR75897.1|ARO:3003373|Klebsiella	gb|ABR75897.1|ARO:3003373|Klebsiella pneumoniae acrR with mutation conferring multidrug antibiotic resistance [Klebsiella pneumoniae subsp. pneumoniae MGH 78578] 	4.73e-08	47	44.681	26	109	12	199	245	16	62	ILAAATEAFARYGYRRTSMADVAAEAGMSRAALYLHFKNKEDIFTSL	ILDVALRLFSQQGVSSTSLATIAKAAGVTRGAIYWHFKNKSDLFNEI
297_RNODE_13_length_755597_219	gb|CAC35723.1|ARO:3003374|Klebsiella	gb|CAC35723.1|ARO:3003374|Klebsiella aerogenes acrR with mutation conferring multidrug antibiotic resistance [Klebsiella aerogenes] 	6.92e-08	47	44.681	26	108	12	199	245	16	62	ILAAATEAFARYGYRRTSMADVAAEAGMSRAALYLHFKNKEDIFTSL	ILDVALRLFSQQGVSSTSLAAIAKAAGVTRGAIYWHFKNKSDLFNEI
297_RNODE_13_length_755597_219	gb|EGP45233.1|ARO:3004145|AxyZ	gb|EGP45233.1|ARO:3004145|AxyZ [Achromobacter insuavis AXX-A] 	2.42e-06	47	44.681	26	96	12	199	245	16	62	ILAAATEAFARYGYRRTSMADVAAEAGMSRAALYLHFKNKEDIFTSL	ILDAAEHVFLSKGVASTTMSDIADFAGVSRGAVYGHYKNKIDVCIAM
297_RNODE_13_length_755597_219	gb|ABR76005.1|ARO:3003380|Klebsiella	gb|ABR76005.1|ARO:3003380|Klebsiella pneumoniae ramR mutants [Klebsiella pneumoniae subsp. pneumoniae MGH 78578] 	6.73e-05	141	25.532	87	84	33	192	318	6	142	ADDKAAAILAAATEAFARYGYRRTSMADVAAEAGMSRAALYLHFKNKEDIFTSLVQAYFAQSARAIADALAKGGP----PEEALARAFEAKI-----GPLFHKLMDSPHGAELL--DAKAAIS---PEVVRACEGRVRGVF	SEDKKQALLEAATAAFAQSGIAASTSA-IARSAGVAEGTLFRYFATKDELLNEL---YLAIKLRLVRTMIAGLDPDEKRPKENARNIWNSYIDWGVRNPMEHKAIRRMALSERITDETRRQVKESFPELNEMCQLSVKEIF
297_RNODE_13_length_755597_219	gb|ACH50230.1|ARO:3003379|Salmonella	gb|ACH50230.1|ARO:3003379|Salmonella enterica ramR mutants [Salmonella enterica subsp. enterica serovar Agona str. SL483] 	0.000593	77	31.169	44	76	18	192	260	6	81	ADDKAAAILAAATEAFARYGYRRTSMADVAAEAGMSRAALYLHFKNKEDIFTS--------LVQAYFAQSARAIADA	SEDKKQALLEAATQAIAQSGI-AASTAVIARNAGVAEGTLFRYFATKDELINTLYLHLKQDLCQSMIMELDRSITDA
297_RNODE_13_length_755597_461	gb|AGQ48857.1|ARO:3003761|eatAv	gb|AGQ48857.1|ARO:3003761|eatAv [Enterococcus faecium] 	2.61e-05	212	22.642	107	90	54	52	250	34	201	FALLGPSGCGKTTMMRMLAGFETPTEGTITIGGKDMADVPPNKRAVNMMFQSYALFPHLSVWDNIAFGLKREANMDKERLNARVE------EMLRLTRLEQFAKRKPH-------QISGGQRQRVALARSLAKAPKLLLLDEPLGALDKKLREETQFELMDIQEKTGTTFVIVTHDQEEAMTVASRVAVMDHGKIIQVDTPPRIYEAPGSVY	LGLIGRNGRGKTTLLNILQN-KLPYQGQV------------------IHQQEFAYFP--------------QQTKDKERLTYYVLNDITDFEIWEIERELQLMQTDPEILWREFSTLSGGEKTKVLLALLFVDDTHFPLIDEPTNHLDISGRKQVAAYL----KKKKQGFIVVSHDRGFIDEVVDHVLAIEKSQL-------ELYQGNFSIY
297_RNODE_13_length_755597_159	gb|AGQ48857.1|ARO:3003761|eatAv	gb|AGQ48857.1|ARO:3003761|eatAv [Enterococcus faecium] 	8.16e-05	67	31.343	42	88	13	447	513	421	483	IRNYPHEMSGGMRQRVGIAMALANDPDVIIADEPTTALDVTVQAQILSLLDDLRRERGLAIVFITHD	FHNKIEQMSMGQRKKVELAKSLSQPAELYIWDEPLNYLDVFNQEQLEQLILNVKP----AMLLVEHD
297_RNODE_13_length_755597_424	gb|AAG04569.1|ARO:3003896|Pseudomonas	gb|AAG04569.1|ARO:3003896|Pseudomonas mutant PhoQ conferring resistance to colistin [Pseudomonas aeruginosa PAO1] 	5.05e-05	62	37.097	36	87	17	288	346	384	445	DNGPGIPPEMVEQIFE--PFVSGRENGTGLGLALVSKIISDHDGWISV-DSVPGKTVFRISL	DDGPGVPAEQRARIIRRGERADTQHPGQGIGLAVALDIIESYDGELSLDDSELGGACFRIRF
299_NODE_3_length_19959_2	gb|CCP45025.1|ARO:3003463|Mycobacterium	gb|CCP45025.1|ARO:3003463|Mycobacterium tuberculosis kasA mutant conferring resistance to isoniazid [Mycobacterium tuberculosis H37Rv] 	6.02e-12	285	25.614	184	154	18	1651	1928	145	408	LLTGGSSAVVSGRVAYVLGLEGPAITVDTACSSSLVALHLAVGALRSGECELAVAGGVSVMAGPEVFVEFSRQGALAA-----DGRCKPFSSAADGFGLGEGAAFVAVQRLSVARREGRRVWGVVAGSAVNQDGASNGLAAPSGVAQQRVIREAWARAGVGAGDVGVVEAHGTGTRLGDPVEASAVLATYGRGRGGAGPVLLGSVKSNVGHAQAAAGVAGLIKVVMGLSRGVVGPSVVVGSRSELVDWS--AGEVELAEGLRAWPVGPDGVRRAGVSAFGISGTN	IMPNGAAAVI----GLQLGARAGVMTPVSACSSGSEAIAHAWRQIVMGDADVAVCGGVEGPIEALPIAAFSMMRAMSTRNDEPERASRPFDKDRDGFVFGEAGALMLIETEEHAKARGAKPLARLLGAGITSDAFHMVAPAADGVRAGRAMTRSLELAGLSPADIDHVNAHGTATPIGDAAEANAIRVA------GCDQAAVYAPKSALGHSIGAVGALESVLTVLTLRDGVIPPTLNYETPDPEIDLDVVAGEPRYGD-----------YRYAVNNSFGFGGHN
299_NODE_3_length_19959_2	gb|AAC74177.1|ARO:3004049|antibiotic	gb|AAC74177.1|ARO:3004049|antibiotic resistant fabG [Escherichia coli str. K-12 substr. MG1655] 	0.000766	186	27.419	112	85	11	2612	2782	9	186	VVTGGTSGLGAVTARWLIGRGARSLALLSRRGPGTPGVEQLVAELRDA-GAEVTVQACDVTDRASLRAALSV----HDDVTGVVHAAGLPQHQALADMDEASLRRVLDVKATGAALLDELVPDA------GLFLLFSSGAAVWGSNGQAAYAAGNAAL----DALARRRHAAGRAATSVAWGLWET	LVTGASRGIGRAIAETLAARGAKVI--------GTATSENGAQAISDYLGANGKGLMLNVTDPASIESVLEKIRAEFGEVDILVNNAGITRDNLLMRMKDEEWNDIIETNLSSVFRLSKAVMRAMMKKRHGRIITIGSVVGTMGNGGQANYAAAKAGLIGFSKSLAREVASRGITVNVVAPGFIET
299_NODE_3_length_19959_2	gb|AAC74177.1|ARO:3004049|antibiotic	gb|AAC74177.1|ARO:3004049|antibiotic resistant fabG [Escherichia coli str. K-12 substr. MG1655] 	0.001	187	27.273	107	84	11	1143	1312	9	183	LVTGGLGAVGRHVARWLARSGAEHLVLLGRGGERGEAAAELRAE-----LGALGVGVSVHACDVADHDALAAVVAAERAEGRTVAAVFHAAGTSTTTPVVALEPAELRRVAAAKVQGTLNLADLCDEAST------LVLFSSNAGVWGSPGLGAYAAANAFLDGFARS------RRGTGVTSVAWGL	LVTGASRGIGRAIAETLAARGAKVI---------GTATSENGAQAISDYLGANGKGLMLNVTDPA---SIESVLEKIRAEFGEVDILVNNAGITRDNLLMRMKDEEWNDIIETNLSSVFRLSKAVMRAMMKKRHGRIITIGSVVGTMGNGGQANYAAAKAGLIGFSKSLAREVASRGITVNVVAPGF
297_RNODE_13_length_755597_154	gb|CAC35723.1|ARO:3003374|Klebsiella	gb|CAC35723.1|ARO:3003374|Klebsiella aerogenes acrR with mutation conferring multidrug antibiotic resistance [Klebsiella aerogenes] 	1.64e-06	100	28.0	63	93	48	1	97	1	94	MARSIARDHDEKRAAILRGAARVFARDGFDRASMTQLAKECGISKANVYHYYTSKDAI---LYDVLDGYLSDLAERVTGLDLTGASPEDALRRVVVEIML	MARKTKQQALETRQLILDVALRLFSQQGVSSTSLAAIAKAAGVTRGAIYWHFKNKSDLFNEIWSLSDASISDL-----EVEYRAKFPNDPL-SVVREILV
272_RNODE_10_length_52560_4	gb|AFK58562.1|ARO:3003078|Enterococcus	gb|AFK58562.1|ARO:3003078|Enterococcus faecium liaR mutant conferring daptomycin resistance [Enterococcus faecium DO] 	8.36e-06	77	32.468	45	86	50	50	126	121	190	GERDFQPQAHAHRFDRYTYLPKLTSTCEVNVYEGELSPAEQRVYDLIVVGMSQQQIADKLCLSLQTIKFHTTAISRK	GERVLEPEVTTKMME------KMSRRNEPVLHE-ELTNRENEILMLISEGKSNQEIADELFITLKTVKTHVSNILAK
297_RNODE_13_length_755597_160	gb|AGQ48857.1|ARO:3003761|eatAv	gb|AGQ48857.1|ARO:3003761|eatAv [Enterococcus faecium] 	9.03e-08	204	22.549	110	109	61	33	225	331	497	PMSFEVAQGETLGIVGESGCGKSTLARMLVGLLD---------PTEGRIEIEGKALDN--ADAAAFGRLIQYIFQDPVSSLNPRKTIRQIMEAPLKRLYGMKRAERDTRIAEIFDSVNLREEFLDRYPHEFSGGQAQRIGIARALAASPRIIILDEPVSALDVSVQAQVLNLMRDLKAAFGLTYLFISHDLAVVEAVSDRIVVL	PIHFTIEPHQRVAISGPNGAGKSSIIHYLLGAFNGKVIGEKYQPKHLSISYASQNYEDNRGTLAEFAEKNQVDYQAFLNNL---------------RKLGMERDVFHNKIEQM------------------SMGQRKKVELAKSLSQPAELYIWDEPLNYLDVFNQEQLEQLILNVKPAM----LLVEHDQTFLDKVSTEIISL
285_RNODE_1_length_12329_9	gb|ACH50230.1|ARO:3003379|Salmonella	gb|ACH50230.1|ARO:3003379|Salmonella enterica ramR mutants [Salmonella enterica subsp. enterica serovar Agona str. SL483] 	8e-11	100	28.0	71	119	88	8	106	3	102	KPRGDDKRARIIKAAGEQFVLSGLQGPMSEIAERAHVAIGSLYLYFKSKEELIKAVYADLAAEMTAFLVREPAPDEPHEERVKRYIRD-YLDFIAMDPDR	RPKSEDKKQALLEAATQAIAQSGIAASTAVIARNAGVAEGTLFRYFATKDELINTLYLHLKQDLCQSMIMELDRSITDAKMMTRFIWNSYISWGLNHPAR
285_RNODE_1_length_12329_9	gb|ACF30254.1|ARO:3004851|Neisseria	gb|ACF30254.1|ARO:3004851|Neisseria gonorrhoea mtrR with mutation conferring resistance [Neisseria gonorrhoeae NCCP11945] Partial	4.98e-07	90	27.778	64	92	79	4	92	1	90	VRAEKPRGDDKRARIIKAAGEQFVLSGL-QGPMSEIAERAHVAIGSLYLYFKSKEELIKAVYADLAAEMTAFLVREPAPDEPHEERVKRY	MRKTKTEALKTKEHLMLAALETFYRKGIARTSLNEIAQAAGVTRGALYWHFKNKEDLFDALFQRICDDIENCIAQDAADAEGGSWTVFRH
285_RNODE_1_length_12329_9	gb|ACF30254.1|ARO:3000817|mtrR	gb|ACF30254.1|ARO:3000817|mtrR [Neisseria gonorrhoeae NCCP11945] 	4.98e-07	90	27.778	64	92	79	4	92	1	90	VRAEKPRGDDKRARIIKAAGEQFVLSGL-QGPMSEIAERAHVAIGSLYLYFKSKEELIKAVYADLAAEMTAFLVREPAPDEPHEERVKRY	MRKTKTEALKTKEHLMLAALETFYRKGIARTSLNEIAQAAGVTRGALYWHFKNKEDLFDALFQRICDDIENCIAQDAADAEGGSWTVFRH
285_RNODE_1_length_12329_9	gb|EGP45233.1|ARO:3004145|AxyZ	gb|EGP45233.1|ARO:3004145|AxyZ [Achromobacter insuavis AXX-A] 	0.000706	62	32.258	41	69	54	3	63	1	62	LVRAEKPRGDDKRARIIKAAGEQFVLSGL-QGPMSEIAERAHVAIGSLYLYFKSKEELIKAV	MARKTKEESQRTRDRILDAAEHVFLSKGVASTTMSDIADFAGVSRGAVYGHYKNKIDVCIAM
297_RNODE_18_length_68502_35	gb|AFK57679.1|ARO:3003438|Enterococcus	gb|AFK57679.1|ARO:3003438|Enterococcus faecium EF-Tu mutants conferring resistance to GE2270A [Enterococcus faecium DO] 	2.83e-14	129	35.659	74	164	25	14	140	46	167	ISHPDAGKTTLTEKLLLTGGAIHLAGQVKARGAARRA-RSDWMKIEQQRGISVTSSVMTFERDGITFNLLDTPGHEDFSEDTYRTLTAVDSAIMVIDAAKGIEPQTRKLFEVCRLRSVP-IITFVNKVD	IGHVDHGKTTLT-------AAITTVLSKKNGGQAMAYDQIDGAPEERERGITISTAHVEYETDTRHYAHVDCPGHADYVKNMITGAAQMDGAILVVSAADGPMPQTREHILLSRQVGVPYIVVFLNKVD
297_RNODE_18_length_68502_35	gb|AXU66539.1|ARO:3003357|Clostridioides	gb|AXU66539.1|ARO:3003357|Clostridioides difficile EF-Tu mutants conferring resistance to elfamycin [Clostridioides difficile] 	3.8e-13	128	32.812	80	155	25	14	140	18	140	ISHPDAGKTTLTEKLLLTGGAIHLAGQVKARGAARRARSDWMKIEQQRGISVTSSVMTFERDGITFNLLDTPGHEDFSEDTYRTLTAVDSAIMVIDAAKGIEPQTRKLFEVCRLRSVP-IITFVNKVD	IGHVDHGKTTLTAAITKT-----LYDRYQLGEAVDFANIDKAPEERERGITISTAHVEYETPNRHYAHVDCPGHADYVKNMITGAAQMDGAILVCSATDGPMPQTREHILLSRQVGVPYIVVFLNKCD
297_RNODE_18_length_68502_35	gb|AAC76364.1|ARO:3003370|Escherichia	gb|AAC76364.1|ARO:3003370|Escherichia coli EF-Tu mutants conferring resistance to Enacyloxin IIa [Escherichia coli str. K-12 substr. MG1655] 	6.4e-13	130	33.846	75	153	25	14	140	18	139	ISHPDAGKTTLTEKLLLTGGAIHLAGQVKARGAARRA--RSDWMKIEQQRGISVTSSVMTFERDGITFNLLDTPGHEDFSEDTYRTLTAVDSAIMVIDAAKGIEPQTRKLFEVCRLRSVP-IITFVNKVD	IGHVDHGKTTLTAAITTV--------LAKTYGGAARAFDQIDNAPEEKARGITINTSHVEYDTPTRHYAHVDCPGHADYVKNMITGAAQMDGAILVVAATDGPMPQTREHILLGRQVGVPYIIVFLNKCD
297_RNODE_18_length_68502_35	gb|AAA50993.1|ARO:3003368|Escherichia	gb|AAA50993.1|ARO:3003368|Escherichia coli EF-Tu mutants conferring resistance to kirromycin [Escherichia coli] 	6.4e-13	130	33.846	75	153	25	14	140	18	139	ISHPDAGKTTLTEKLLLTGGAIHLAGQVKARGAARRA--RSDWMKIEQQRGISVTSSVMTFERDGITFNLLDTPGHEDFSEDTYRTLTAVDSAIMVIDAAKGIEPQTRKLFEVCRLRSVP-IITFVNKVD	IGHVDHGKTTLTAAITTV--------LAKTYGGAARAFDQIDNAPEEKARGITINTSHVEYDTPTRHYAHVDCPGHADYVKNMITGAAQMDGAILVVAATDGPMPQTREHILLGRQVGVPYIIVFLNKCD
297_RNODE_18_length_68502_35	gb|AAN82549.1|ARO:3003369|Escherichia	gb|AAN82549.1|ARO:3003369|Escherichia coli EF-Tu mutants conferring resistance to Pulvomycin [Escherichia coli CFT073] 	6.76e-13	130	35.385	73	153	25	14	140	33	154	ISHPDAGKTTLTEKLLLTGGAIHLAGQVKARGAARRA--RSDWMKIEQQRGISVTSSVMTFERDGITFNLLDTPGHEDFSEDTYRTLTAVDSAIMVIDAAKGIEPQTRKLFEVCRLRSVP-IITFVNKVD	IGHVDHGKTTLTAAITTV-----LA---KTYGGAARAFDQIDNAPEEKARGITINTSHVEYDTPTRHYAHVDCPGHADYVKNMITGAAQMDGAILVVAATDGPMPQTREHILLGRQVGVPYIIVFLNKCD
297_RNODE_18_length_68502_35	gb|CAA67349.1|ARO:3003359|Streptomyces	gb|CAA67349.1|ARO:3003359|Streptomyces cinnamoneus EF-Tu mutants conferring resistance to elfamycin [Streptomyces cinnamoneus] 	3.16e-09	149	28.188	98	123	28	14	158	18	161	ISHPDAGKTTLTEKLL-LTGGAIHLAGQVKARGAARRARSDWMKIEQQRGISVTSSVMTFERDGITFNLLDTPGHEDFSEDTYRTLTAVDSAIMVIDAAKGIEPQTRKLFEVCRLRSVP-IITFVNKVDR-EGRPVFELLD-EIADMLA	IGHVDHGKTTLTAAITKVLHDAIPDLNPFTPFDEIDKAPE-----ERQRGITISIAHVEYQTESRHYAHVDCPGHADYIKNMITGAAQMDGAILVVAATDGPMPQTKEHVLLARQSGVPYIVVALNKADMVDDEEIMELVELEVRELLS
297_RNODE_18_length_68502_35	gb|AAB39605.1|ARO:3003361|Planobispora	gb|AAB39605.1|ARO:3003361|Planobispora rosea EF-Tu mutants conferring resistance to inhibitor GE2270A [Planobispora rosea] 	9.41e-09	128	28.906	86	119	25	14	140	18	141	ISHPDAGKTTLTEKLLLTGGAIHLAGQVKARGAARRARSDWMKIEQQRGISVTSSVMTFERDGITFNLLDTPGHEDFSEDTYRTLTAVDSAIMVIDAAKGIEPQTRKLFEVCRLRSVP-IITFVNKVD	IGHIDHGKTTLTAAIT---KVLH-DRYPELNKATPFDKIDKAPEEKARGITISIAHVEYQTEKRHYAHVDCPGHADYVKNMITGAAQMDGAILVVAATAGPMPQTKEHVLLARQVGVPYIVVALNKAD
297_RNODE_14_length_50699_54	gb|ACF30254.1|ARO:3000817|mtrR	gb|ACF30254.1|ARO:3000817|mtrR [Neisseria gonorrhoeae NCCP11945] 	2.86e-06	59	33.898	39	94	21	93	151	10	68	KNRETIREAALDVFSQHGFRGATLDQIAQAAGLSKPNLLYYFPSKEAIHVELLSHLMTD	KTKEHLMLAALETFYRKGIARTSLNEIAQAAGVTRGALYWHFKNKEDLFDALFQRICDD
297_RNODE_14_length_50699_54	gb|ABR75897.1|ARO:3003373|Klebsiella	gb|ABR75897.1|ARO:3003373|Klebsiella pneumoniae acrR with mutation conferring multidrug antibiotic resistance [Klebsiella pneumoniae subsp. pneumoniae MGH 78578] 	4.42e-06	62	30.645	43	92	22	83	144	1	62	MEKPATRIQRKNRETIREAALDVFSQHGFRGATLDQIAQAAGLSKPNLLYYFPSKEAIHVEL	MARKTKQQARETRQLILDVALRLFSQQGVSSTSLATIAKAAGVTRGAIYWHFKNKSDLFNEI
297_RNODE_14_length_50699_54	gb|CAC35723.1|ARO:3003374|Klebsiella	gb|CAC35723.1|ARO:3003374|Klebsiella aerogenes acrR with mutation conferring multidrug antibiotic resistance [Klebsiella aerogenes] 	1.08e-05	54	33.333	36	89	19	93	146	11	64	KNRETIREAALDVFSQHGFRGATLDQIAQAAGLSKPNLLYYFPSKEAIHVELLS	ETRQLILDVALRLFSQQGVSSTSLAAIAKAAGVTRGAIYWHFKNKSDLFNEIWS
297_RNODE_13_length_755597_106	gb|ACF30254.1|ARO:3004851|Neisseria	gb|ACF30254.1|ARO:3004851|Neisseria gonorrhoea mtrR with mutation conferring resistance [Neisseria gonorrhoeae NCCP11945] Partial	0.000278	52	30.769	36	76	25	13	64	11	62	SREGWLDAARAALIEGGIGAVKIQPLAAALALSRTSFYWFFKDRAALLDALL	TKEHLMLAALETFYRKGIARTSLNEIAQAAGVTRGALYWHFKNKEDLFDALF
297_RNODE_13_length_755597_106	gb|ACF30254.1|ARO:3000817|mtrR	gb|ACF30254.1|ARO:3000817|mtrR [Neisseria gonorrhoeae NCCP11945] 	0.000278	52	30.769	36	76	25	13	64	11	62	SREGWLDAARAALIEGGIGAVKIQPLAAALALSRTSFYWFFKDRAALLDALL	TKEHLMLAALETFYRKGIARTSLNEIAQAAGVTRGALYWHFKNKEDLFDALF
297_RNODE_13_length_755597_111	gb|AGQ48857.1|ARO:3003761|eatAv	gb|AGQ48857.1|ARO:3003761|eatAv [Enterococcus faecium] 	9.67e-05	35	48.571	16	83	70	32	66	25	57	NVSFDVHEHQVLGLIGPNGSGKSTTLNLISGALPV	NLNFDTQWK--LGLIGRNGRGKTTLLNILQNKLPY
299_NODE_3_length_19959_1	gb|CCP45025.1|ARO:3003463|Mycobacterium	gb|CCP45025.1|ARO:3003463|Mycobacterium tuberculosis kasA mutant conferring resistance to isoniazid [Mycobacterium tuberculosis H37Rv] 	3.2e-19	267	30.337	169	213	15	1642	1903	154	408	VAYTFGWEGPALTVDTACSASLVAVHLAVRALRSGECSMALAGGVTVMTDPYTFVDFSSQQGLAR-----DGRCKAFSADADGFALADGVATMLLVPLSRAAELGYPVLGVVRGTAVNQDGASNGLAAPNGPSQERVVRAALADAGLGPQDVDVVEAHGTGTQLGDPIEAGALLSTYGRDPGRPVHVGSVKSNLGHTQAAAGAAGMLKVLLALRHGVVPRTLHADEPTPHVDWASGGLRLAQDDVPWPRGERPRRAGVSSFGVSGTN	IGLQLGARAGVMTPVSACSSGSEAIAHAWRQIVMGDADVAVCGGVEGPIEALPIAAFSMMRAMSTRNDEPERASRPFDKDRDGFVFGEAGALMLIETEEHAKARGAKPLARLLGAGITSDAFHMVAPAADGVRAGRAMTRSLELAGLSPADIDHVNAHGTATPIGDAAEANA-IRVAGCD---QAAVYAPKSALGHSIGAVGALESVLTVLTLRDGVIPPTLNYETPDPEID-----LDVVAGE---PRYGDYRYAVNNSFGFGGHN
297_NODE_1_length_26932_12	gb|AJP09758.1|ARO:3004681|Clostridioides	gb|AJP09758.1|ARO:3004681|Clostridioides difficile rpoC with mutation conferring resistance to vancomycin [Clostridioides difficile 630] 	1.8e-67	250	53.2	110	619	88	1122	1370	915	1158	GAKTKDITGGLPRVAELFEARRPKDHAIIAEVDGYVRFGRDYKNKRR-ITIEPSDESLEPVEYMVPKGKHIPVAEGDFIQKGEYIMDGNPAPHDILAIMGVEALADYMIDEVQDVYRLQGVKINDKHIEVIVRQMLQKWEITDSGETTLLKGEHVDKVEFDEANEKAEARGKRPASGQPILLGITKASLQTRSFISAASFQETTRVLTEASVQGKRDKLVGLKENVIVGRLIPAGTGGATMKVRSIAQER	GVAGADITQGLPRVEELFEARKPKGLAVITEVSGRVEI--DETGKRKEVNVIP--EEGETQTYVIPYGSRLKVKQGQMLEAGDPLTQGFINPHDIVRVNGVKGVQEYIVKEVQRVYRLQGVDVNDKHIEVIVRQMLSKVKVEDPGDTDLLPGGYEDVLTFNECNKDAIDKGLRPAVAKRVLLGITKASLATDSFLSAASFQETTRVLTEAAIKGKEDHLIGLKENVILGKLIPAGTG--MKKYRNIAVEK
297_NODE_1_length_26932_12	gb|CAG39569.1|ARO:3003291|Staphylococcus	gb|CAG39569.1|ARO:3003291|Staphylococcus aureus rpoC conferring resistance to daptomycin [Staphylococcus aureus subsp. aureus MRSA252] 	0.0	1042	52.879	428	2787	87	19	1015	7	1030	FDEIKVSLASPERILSWSYGEIKKPETINYRTFKPERDGLFCARIFGPIKDYECLCGKYKRMKYRGVVCEKCGVEVTLQKVRRERMGHIELAAPVAHIWFLKSLPSRIGLMLDMTLRDLERILYFENYVVIEPGLTDLQYGQLMSEEEFLDAQDTFGMDAFTANIGAEAIREMLAMIDLEAEAEQLRADLAEATGELKPKKIIKRLKVVESFIESGNRPEWMILTVIPVIPPELRPLVPLDGGRFATSDLNDLYRRVINRNNRLKRLIELRAPDIIVRNEKRMLQESVDALFDNGRRGRVITGANKRPLKSLSDMLKGKQGRFRQNLLGKRVDFSGRSVIVTGPELKLHQCGLPKKMALELFKPFIYSRLEAKGLSSTVKQAKKLVEKERPEVWDILDEVIREHPVLLNRAPTLHRLGIQAFEPVLIEGKAIQLHPLVCSAFNADFDGDQMAVHVPLSLEAQLEARVLMMSTNNVLSPANGAPIIVPSQDMILGLYYITMERQGMKGEGMVFADVEEVQHALDAGEVHLHSKVKARIKQIDE---TGQEVYQRFDTTPGRILLGALLP-------------LNAKAP------------------FELVNRL--LRKKEVQQVIDTVYRYCGQKESVIFCDQIMSMGFKEAFKAGISFGKDDMVIPDTKWTIVDAVRDQVKEFEQQYMDGLITLGEKYNKVVDAWSKCSDQVADAMMGEISAVRYDDAGAEKEPNSVYMMSHSGARGSPAQMKQLGGMRGLMAKPSGEIIETPIISNFKEGLTVLEYFNSTHGARKGLADTALKTANSGYLTRRLVDVAQDCIVRSRDCGTENAITASAAVNDGEVVASLGERILGRVSADDVIHPATGEILVAKNELIDERKADLIEESGVATMRIRSPLTCESEEGVCAMCYGRDLARGTMVNIGEAVGIIAAQSIGEPGTQLTMRTFHIGGIAQG----GQQSFQEAGQEGVIEFRNPN---TLTNASG--ETIVMGRNMQIAIMDANGVERASYKPGYGSKVFVSDKAEIKRGDKLFE	FHYMKIGLASPEKIRSWSFGEVKKPETINYRTLKPEKDGLFCERIFGPTKDWECSCGKYKRVRYKGMVCDRCGVEVTKSKVRRERMGHIELAAPVSHIWYFKGIPSRMGLLLDMSPRALEEVIYFASYVVVDPGPTGLEKKTLLSEAEFRDYYDKYP-GQFVAKMGAEGIKDLLEEIDLDEELKLLRDELESATGQ-RLTRAIKRLEVVESFRNSGNKPSWMILDVLPIIPPEIRPMVQLDGGRFATSDLNDLYRRVINRNNRLKRLLDLGAPGIIVQNEKRMLQEAVDALIDNGRRGRPVTGPGNRPLKSLSHMLKGKQGRFRQNLLGKRVDYSGRSVIAVGPSLKMYQCGLPKEMALELFKPFVMKELVQREIATNIKNAKSKIERMDDEVWDVLEEVIREHPVLLNRAPTLHRLGIQAFEPTLVEGRAIRLHPLVTTAYNADFDGDQMAVHVPLSKEAQAEARMLMLAAQNILNPKDGKPVVTPSQDMVLGNYYLTLERKDAVNTGAIFNNTNEVLKAYANGFVHLHTRIGVHASSFNNPTFTEEQNKKILATSVGKIIFNEIIPDSFAYINEPTQENLERKTPNRYFIDPTTLGEGGLKEYFENEELIEPFNKKFLGNIIAEVFNRFSITDTSMMLDRMKDLGFKFSSKAGITVGVADIVVLPDKQQILDEHEKLVDRITKQFNRGLITEEERYNAVVEIWTDAKDQIQGELMQSLDKT-----------NPIFMMSDSGARGNASNFTQLAGMRGLMAAPSGKIIELPITSSFREGLTVLEYFISTHGARKGLADTALKTADSGYLTRRLVDVAQDVIVREEDCGTDRGLLVSDIKEGTEMIEPFIERIEGRYSKETIRHPETDEVIIRPDELITPEIAKKITDAGIEQMYIRSAFTCNARHGVCEKCYGKNLATGEKVEVGEAVGTIAAQSIGEPGTQLTMRTFHTGGVAGSDITQGLPRIQE-----IFEARNPKGQAVITEIEGVVEDIKLAKDRQQEIVVKGANETRSYLASGTSRIIVEIGQPVQRGEVLTE
297_NODE_1_length_26932_12	gb|CAG39569.1|ARO:3003291|Staphylococcus	gb|CAG39569.1|ARO:3003291|Staphylococcus aureus rpoC conferring resistance to daptomycin [Staphylococcus aureus subsp. aureus MRSA252] 	3.52e-64	237	50.633	113	593	87	1122	1357	947	1180	GAKTKDITGGLPRVAELFEARRPKDHAIIAEVDGYVRFGRDYKNKRR-ITIEPSDESLEPVEYMVPKGKHIPVAEGDFIQKGEYIMDGNPAPHDILAIMGVEALADYMIDEVQDVYRLQGVKINDKHIEVIVRQMLQKWEITDSGETTLLKGEHVDKVEFDEANEKAEARGKRPASGQPILLGITKASLQTRSFISAASFQETTRVLTEASVQGKRDKLVGLKENVIVGRLIPAGTG	GVAGSDITQGLPRIQEIFEARNPKGQAVITEIEGVVEDIKLAKDRQQEIVVKGANETRS---YLASGTSRIIVEIGQPVQRGEVLTEGSIEPKNYLSVAGLNATESYLLKEVQKVYRMQGVEIDDKHVEVMVRQMLRKVRIIEAGDTKLLPGSLVDIHNFTDANREAFKHRKRPATAKPVLLGITKASLETESFLSAASFQETTRVLTDAAIKGKRDDLLGLKENVIIGKLIPAGTG
297_NODE_1_length_26932_12	gb|ADK17136.1|ARO:3004563|Clostridioides	gb|ADK17136.1|ARO:3004563|Clostridioides difficile rpoB with mutation conferring resistance to rifampicin [Clostridium ljungdahlii DSM 13528] 	2.98e-05	50	42.0	29	96	4	831	880	280	329	SLGERILGRVSADDVIHPATGEILVAKNELIDERKADLIEESGVATMRIR	SLHLRIANQIAAQDVVNPDTGEILIQKGEKINREKAVEIQQCGINVVDIQ
291_RNODE_11_length_104062_50	gb|AFK57679.1|ARO:3003438|Enterococcus	gb|AFK57679.1|ARO:3003438|Enterococcus faecium EF-Tu mutants conferring resistance to GE2270A [Enterococcus faecium DO] 	2.83e-14	129	35.659	74	164	25	14	140	46	167	ISHPDAGKTTLTEKLLLTGGAIHLAGQVKARGAARRA-RSDWMKIEQQRGISVTSSVMTFERDGITFNLLDTPGHEDFSEDTYRTLTAVDSAIMVIDAAKGIEPQTRKLFEVCRLRSVP-IITFVNKVD	IGHVDHGKTTLT-------AAITTVLSKKNGGQAMAYDQIDGAPEERERGITISTAHVEYETDTRHYAHVDCPGHADYVKNMITGAAQMDGAILVVSAADGPMPQTREHILLSRQVGVPYIVVFLNKVD
291_RNODE_11_length_104062_50	gb|AXU66539.1|ARO:3003357|Clostridioides	gb|AXU66539.1|ARO:3003357|Clostridioides difficile EF-Tu mutants conferring resistance to elfamycin [Clostridioides difficile] 	3.8e-13	128	32.812	80	155	25	14	140	18	140	ISHPDAGKTTLTEKLLLTGGAIHLAGQVKARGAARRARSDWMKIEQQRGISVTSSVMTFERDGITFNLLDTPGHEDFSEDTYRTLTAVDSAIMVIDAAKGIEPQTRKLFEVCRLRSVP-IITFVNKVD	IGHVDHGKTTLTAAITKT-----LYDRYQLGEAVDFANIDKAPEERERGITISTAHVEYETPNRHYAHVDCPGHADYVKNMITGAAQMDGAILVCSATDGPMPQTREHILLSRQVGVPYIVVFLNKCD
291_RNODE_11_length_104062_50	gb|AAC76364.1|ARO:3003370|Escherichia	gb|AAC76364.1|ARO:3003370|Escherichia coli EF-Tu mutants conferring resistance to Enacyloxin IIa [Escherichia coli str. K-12 substr. MG1655] 	6.4e-13	130	33.846	75	153	25	14	140	18	139	ISHPDAGKTTLTEKLLLTGGAIHLAGQVKARGAARRA--RSDWMKIEQQRGISVTSSVMTFERDGITFNLLDTPGHEDFSEDTYRTLTAVDSAIMVIDAAKGIEPQTRKLFEVCRLRSVP-IITFVNKVD	IGHVDHGKTTLTAAITTV--------LAKTYGGAARAFDQIDNAPEEKARGITINTSHVEYDTPTRHYAHVDCPGHADYVKNMITGAAQMDGAILVVAATDGPMPQTREHILLGRQVGVPYIIVFLNKCD
291_RNODE_11_length_104062_50	gb|AAA50993.1|ARO:3003368|Escherichia	gb|AAA50993.1|ARO:3003368|Escherichia coli EF-Tu mutants conferring resistance to kirromycin [Escherichia coli] 	6.4e-13	130	33.846	75	153	25	14	140	18	139	ISHPDAGKTTLTEKLLLTGGAIHLAGQVKARGAARRA--RSDWMKIEQQRGISVTSSVMTFERDGITFNLLDTPGHEDFSEDTYRTLTAVDSAIMVIDAAKGIEPQTRKLFEVCRLRSVP-IITFVNKVD	IGHVDHGKTTLTAAITTV--------LAKTYGGAARAFDQIDNAPEEKARGITINTSHVEYDTPTRHYAHVDCPGHADYVKNMITGAAQMDGAILVVAATDGPMPQTREHILLGRQVGVPYIIVFLNKCD
291_RNODE_11_length_104062_50	gb|AAN82549.1|ARO:3003369|Escherichia	gb|AAN82549.1|ARO:3003369|Escherichia coli EF-Tu mutants conferring resistance to Pulvomycin [Escherichia coli CFT073] 	6.76e-13	130	35.385	73	153	25	14	140	33	154	ISHPDAGKTTLTEKLLLTGGAIHLAGQVKARGAARRA--RSDWMKIEQQRGISVTSSVMTFERDGITFNLLDTPGHEDFSEDTYRTLTAVDSAIMVIDAAKGIEPQTRKLFEVCRLRSVP-IITFVNKVD	IGHVDHGKTTLTAAITTV-----LA---KTYGGAARAFDQIDNAPEEKARGITINTSHVEYDTPTRHYAHVDCPGHADYVKNMITGAAQMDGAILVVAATDGPMPQTREHILLGRQVGVPYIIVFLNKCD
291_RNODE_11_length_104062_50	gb|CAA67349.1|ARO:3003359|Streptomyces	gb|CAA67349.1|ARO:3003359|Streptomyces cinnamoneus EF-Tu mutants conferring resistance to elfamycin [Streptomyces cinnamoneus] 	3.16e-09	149	28.188	98	123	28	14	158	18	161	ISHPDAGKTTLTEKLL-LTGGAIHLAGQVKARGAARRARSDWMKIEQQRGISVTSSVMTFERDGITFNLLDTPGHEDFSEDTYRTLTAVDSAIMVIDAAKGIEPQTRKLFEVCRLRSVP-IITFVNKVDR-EGRPVFELLD-EIADMLA	IGHVDHGKTTLTAAITKVLHDAIPDLNPFTPFDEIDKAPE-----ERQRGITISIAHVEYQTESRHYAHVDCPGHADYIKNMITGAAQMDGAILVVAATDGPMPQTKEHVLLARQSGVPYIVVALNKADMVDDEEIMELVELEVRELLS
291_RNODE_11_length_104062_50	gb|AAB39605.1|ARO:3003361|Planobispora	gb|AAB39605.1|ARO:3003361|Planobispora rosea EF-Tu mutants conferring resistance to inhibitor GE2270A [Planobispora rosea] 	9.41e-09	128	28.906	86	119	25	14	140	18	141	ISHPDAGKTTLTEKLLLTGGAIHLAGQVKARGAARRARSDWMKIEQQRGISVTSSVMTFERDGITFNLLDTPGHEDFSEDTYRTLTAVDSAIMVIDAAKGIEPQTRKLFEVCRLRSVP-IITFVNKVD	IGHIDHGKTTLTAAIT---KVLH-DRYPELNKATPFDKIDKAPEEKARGITISIAHVEYQTEKRHYAHVDCPGHADYVKNMITGAAQMDGAILVVAATAGPMPQTKEHVLLARQVGVPYIVVALNKAD
297_RNODE_14_length_50699_31	gb|AGQ48857.1|ARO:3003761|eatAv	gb|AGQ48857.1|ARO:3003761|eatAv [Enterococcus faecium] 	1.26e-05	227	22.467	136	90	88	1	225	1	189	MGILEVKNV--GKRFGGLQALSDVNLSVQENTVHAIIGPNGAGKSTLLNCFVGKLIPDTGSVMFNGQSVLGLKPHQINQMGISRVFQTPEIFGDLTVMENVMISCFAKRDGSFRLHPFETVAHEVDIVDKAEQMLIDVNMADKRHMQASSLSRGDKRRLEMAMCLSQDPKLLLLDEPTAGMARADTNNTIDLLKEIREKRDITMAIIEHDMHVVFSLADRITVLAQG	MSKIEIKNLTFGYDSQGTLLFEQANLNFDTQWKLGLIGRNGRGKTTLLNILQNKL-PYQGQVIH--QQEFAYFPQQTKDK--ERL--TYYVLNDITDFE------------------IWEIERELQLMQTDPEILW---------REFSTLSGGEKTKVLLALLFVDDTHFPLIDEPTNHLDISGRKQVAAYLK----KKKQGFIVVSHDRGFIDEVVDHVLAIEKS
297_RNODE_14_length_50699_16	gb|AGQ48857.1|ARO:3003761|eatAv	gb|AGQ48857.1|ARO:3003761|eatAv [Enterococcus faecium] 	1.51e-06	219	24.658	135	100	59	20	234	13	205	YDGE-NLVVKDLNLSIGRGEFLTMLGPSGSGKTTCLMMLAGFETATHGDILLGGQPINNIPPHKRGIGMVFQNYALFPHMTV-GENLSFPLEVRKIAKSDRE-AKVKRALDMVQMG-SFINRRPAQLSGGQQQRIALARALVFEPELVLMDEPLGALDKQLREHMQFEITRLAHDLGITTVYVTHDQTEALTMSDRVAVFDDGRIQQLDPPDVLYEEPK	YDSQGTLLFEQANLNFDTQWKLGLIGRNGRGKTTLLNILQ-----------------NKLPYQGQVIHQ--QEFAYFPQQTKDKERLTYYV-LNDI--TDFEIWEIERELQLMQTDPEILWREFSTLSGGEKTKVLLALLFVDDTHFPLIDEPTNHLDISGRKQVAAYLKKKKQGF----IVVSHDRGFIDEVVDHVLAIEKSQLELYQGNFSIYEEQK
297_RNODE_13_length_755597_101	gb|AAG08162.1|ARO:3003582|basR	gb|AAG08162.1|ARO:3003582|basR [Pseudomonas aeruginosa PAO1] 	1.8299999999999998e-46	222	41.892	124	375	86	36	257	1	217	MRILVVEDDQTTADFISRGLKEEGHVVDHLPDGRDALGQAMTGSYDAMVVDRMLPGLDGLSLVKALRAAHVATPAIFLTSIGGVEDRIEGLEAGADDYLVKPFAFGELSARIAALTRRPPLAQEETVLRVGDLELDLVRRRVLRAGQEIDLLPREFALLEHLMRRKGRVQTRTMLLESVWDIHFDPGTNVVETHISRLRAKVDKPFDHDLIRTVRGAGYRID	MRILLAEDDLLLGDGIRAGLRLEGDTVEWVTDGVAAENALVTDEFDLLVLDIGLPRRSGLDILRNLRHQGLLTPVLLLTARDKVADRVAGLDSGADDYLTKPFDLDELQARVRALTRRTT-GRALPQLVHGELRLDPATHQVTLSGQAVELAPREYALLRLLLENSGKVLSRNQLEQSLYGWSGDVESNAIEVHVHHLRRK----LGNQLIRTVRGIGYGID
297_RNODE_13_length_755597_101	gb|CDO13981.1|ARO:3003585|Klebsiella	gb|CDO13981.1|ARO:3003585|Klebsiella mutant PhoP conferring antibiotic resistance to colistin [Klebsiella pneumoniae] 	6.11e-38	228	37.281	124	318	85	36	254	1	218	MRILVVEDDQTTADFISRGLKEEGHVVDHLPDGRDA---LGQAMTGSYDAMVVDRMLPGLDGLSLVKALRAAHVATPAIFLTSIGGVEDRIEGLEAGADDYLVKPFAFGELSARIAALTRRPP-LAQEETVLRVGDLELDLVRRRVLRAGQEIDLLPREFALLEHLMRRKGRVQTRTMLLESVWDIHFDPGTNVVETH-----ISRLRAKVDKPFDHDLIRTVRGAGY	MRVLVVEDNALLRHHLKVQLQELGHQVDAAEDAREADYYLGEHLP---DIAIVDLGLPDEDGLSLIRRWRSHDVSLPVLVLTAREGWQDKVEVLSAGADDYVTKPFHIEEVAARMQALLRRNSGLASQ--VISLPPFQVDLSRRELSVNDQPIKLTAFEYTIMETLIRNRGKVVSKDSLMLQLY-----PDAELRESHTIDVLMGRLRKKIQAEYPQDVITTVRGQGY
297_RNODE_13_length_755597_101	gb|AFK58562.1|ARO:3003078|Enterococcus	gb|AFK58562.1|ARO:3003078|Enterococcus faecium liaR mutant conferring daptomycin resistance [Enterococcus faecium DO] 	1.21e-06	119	26.891	85	96	45	36	152	2	120	MRILVVEDDQTTADFISR--GLKEEGHVVDHLPDGRDALGQAMTGSYDAMVVDRMLPGLDGLSLVKALRAAHVATPAIFLTSIGGVEDRIEGLEAGADDYLVKPFAFGELSARIAALTR	IKVLLVDDHEMVRLGVSSYLSIQEDIEVIGEAENGRQGYEKAMTLRPDVILMDLVMEEMDGIESTKAILKDWPEAKIIIVTSFIDDEKVYPAIEAGAAGYLLKTSTAHEIADAIRATQR
297_RNODE_13_length_755597_101	gb|AAO82599.1|ARO:3003792|Enterococcus	gb|AAO82599.1|ARO:3003792|Enterococcus faecalis liaR mutant conferring daptomycin resistance [Enterococcus faecalis V583] 	7.38e-05	208	21.635	141	82	78	36	238	2	192	MRILVVEDDQTTADFISR--GLKEEGHVVDHLPDGRDALGQAMTGSYDAMVVDRMLPGLDGLSLVKALRAAHVATPAIFLTSIGGVEDRIEGLEAGADDYLVKPFAFGELSARIAALTRRPPLAQEETVLRVGDLELDLVRRRVLRAGQEI---DLLPREFALLEHLMRRKGRVQTRTMLLESVWDIHFDPGTNVVETHISRLRAKVD	IKVMLVDDHEMVRLGVSSYLSIQEDIEVVGEAENGKIGYEKALELRPDVILMDLVMEEMDGIDSTKAILKDWPEAKIIIVTSFIDDEKVYPAIEAGAAGYLLKTSTAHEIADAIRATYRGERVLEPEVTHKMME--------RLTKKQEPVLHEDLTNREHEILMLIAQGKSNQEIADELFITL---------KTVKTHVSNILAKLD
297_RNODE_13_length_755597_269	gb|AAC74370.1|ARO:3004045|antibiotic	gb|AAC74370.1|ARO:3004045|antibiotic resistant fabI [Escherichia coli str. K-12 substr. MG1655] 	2.29e-10	261	26.054	167	126	96	5	253	4	250	LKGKRALV--CASSKGLGRGCAEALAGEGVNLVINARTEADIEATAQEIRDTYGVEVVAVAADVTTEEGREKLLAACGQI----DILVNNAGGPPPGVWTDWD------REDFIKALDANMLTPIALIKALVPAMMERGWGRVVNITSRSVKSPLAPLGLSNSARAGLTGYVAGTSRQIAHAGVTMNNLLPGSHATARIDSLDTNAAKAQNIGFDEARAKRQAGNPMKRDGTAEEFGAACAFLCSRQAAFITGQNLLLDGG	LSGKRILVTGVASKLSIAYGIAQAMHREGAELAFTYQND-KLKGRVEEFAAQLGSDIV-LQCDVAEDASIDTMFAELGKVWPKFDGFVHSIG-FAPGDQLDGDYVNAVTREGFKIAHDISSYSFVAMAKA-CRSMLNPG-SALLTLSYLGAERAIPNYNVMGLAKASLEANVRYMANAMGPEGVRVNAISAGP-----IRTLAASGIK----DFRKMLAHCEAVTPIRRTVTIEDVGNSAAFLCSDLSAGISGEVVHVDGG
